launch_id,kernel_name,mangled_name,grid_size,block_size,cycles_speedup,mem_instr_reduce_pct,l1_to_l2_traffic_reduce_pct,l2_to_dram_rd_traffic_reduce_pct
0,"extract(long, float *)",_Z7extractlPf,"(450,1,1)","(512,1,1)",1.0068061740073369,0.0,0.0,0.0
1,"prepare(long, float *, float *, float *)",_Z7preparelPfS_S_,"(450,1,1)","(512,1,1)",1.0330005815080443,0.0,0.0,1.9857029388403495
2,"reduce(long, int, int, float *, float *)",_Z6reduceliiPfS_,"(450,1,1)","(512,1,1)",1.3434105519006838,89.33058774256595,0.0,-1.7991834475122828
3,"reduce(long, int, int, float *, float *)",_Z6reduceliiPfS_,"(1,1,1)","(512,1,1)",3.8325941223121225,91.03260869565217,5.2521008403361344,18.61198738170347
4,"srad(float, int, int, long, int *, int *, int *, int *, float *, float *, float *, float *, float, float *, float *)",_Z4sradfiilPiS_S_S_PfS0_S0_S0_fS0_S0_,"(450,1,1)","(512,1,1)",0.9970666896730221,0.0,-0.002583834669032311,-23.638105666575417
5,"srad2(float, int, int, long, int *, int *, int *, int *, float *, float *, float *, float *, float *, float *)",_Z5srad2fiilPiS_S_S_PfS0_S0_S0_S0_S0_,"(450,1,1)","(512,1,1)",0.9988047714842522,0.0,0.10689447740718142,-1.3455303381194998
6,"prepare(long, float *, float *, float *)",_Z7preparelPfS_S_,"(450,1,1)","(512,1,1)",1.0968682274280401,0.0,0.0,-0.7216208714959755
7,"reduce(long, int, int, float *, float *)",_Z6reduceliiPfS_,"(450,1,1)","(512,1,1)",1.359325673201501,89.33058774256595,0.0,1.6228128756511286
8,"reduce(long, int, int, float *, float *)",_Z6reduceliiPfS_,"(1,1,1)","(512,1,1)",3.9391810967470606,91.03260869565217,5.2521008403361344,38.95274584929757
9,"srad(float, int, int, long, int *, int *, int *, int *, float *, float *, float *, float *, float, float *, float *)",_Z4sradfiilPiS_S_S_PfS0_S0_S0_fS0_S0_,"(450,1,1)","(512,1,1)",1.002930735573351,0.0,0.0,-1.3226853007237334
10,"srad2(float, int, int, long, int *, int *, int *, int *, float *, float *, float *, float *, float *, float *)",_Z5srad2fiilPiS_S_S_PfS0_S0_S0_S0_S0_,"(450,1,1)","(512,1,1)",1.0828334389848568,0.0,-0.007794367270585791,1.4226342710997442
11,"prepare(long, float *, float *, float *)",_Z7preparelPfS_S_,"(450,1,1)","(512,1,1)",1.049398742499223,0.0,0.0,-3.330557868442964
12,"reduce(long, int, int, float *, float *)",_Z6reduceliiPfS_,"(450,1,1)","(512,1,1)",1.3676255410426323,89.33058774256595,0.0,-2.0483011556293684
13,"reduce(long, int, int, float *, float *)",_Z6reduceliiPfS_,"(1,1,1)","(512,1,1)",3.8992495908584495,91.03260869565217,5.2521008403361344,82.57152252548504
14,"srad(float, int, int, long, int *, int *, int *, int *, float *, float *, float *, float *, float, float *, float *)",_Z4sradfiilPiS_S_S_PfS0_S0_S0_fS0_S0_,"(450,1,1)","(512,1,1)",1.007502146019486,0.0,-0.0008612856410764348,-0.013687380235422939
15,"srad2(float, int, int, long, int *, int *, int *, int *, float *, float *, float *, float *, float *, float *)",_Z5srad2fiilPiS_S_S_PfS0_S0_S0_S0_S0_,"(450,1,1)","(512,1,1)",1.004686064174934,0.0,0.11125492963233925,0.35534833189986875
16,"prepare(long, float *, float *, float *)",_Z7preparelPfS_S_,"(450,1,1)","(512,1,1)",0.9715890032027276,0.0,0.0,0.0
17,"reduce(long, int, int, float *, float *)",_Z6reduceliiPfS_,"(450,1,1)","(512,1,1)",1.3552648695089227,89.33058774256595,0.0,0.6347016212487064
18,"reduce(long, int, int, float *, float *)",_Z6reduceliiPfS_,"(1,1,1)","(512,1,1)",3.901872647242238,91.03260869565217,5.2521008403361344,46.75767918088737
19,"srad(float, int, int, long, int *, int *, int *, int *, float *, float *, float *, float *, float, float *, float *)",_Z4sradfiilPiS_S_S_PfS0_S0_S0_fS0_S0_,"(450,1,1)","(512,1,1)",1.0055968063471088,0.0,0.0,12.124127976906422
20,"srad2(float, int, int, long, int *, int *, int *, int *, float *, float *, float *, float *, float *, float *)",_Z5srad2fiilPiS_S_S_PfS0_S0_S0_S0_S0_,"(450,1,1)","(512,1,1)",0.9689209772322046,0.0,0.08352591900149742,0.0
21,"prepare(long, float *, float *, float *)",_Z7preparelPfS_S_,"(450,1,1)","(512,1,1)",0.9846156545309803,0.0,0.0,-4.029400183751148
22,"reduce(long, int, int, float *, float *)",_Z6reduceliiPfS_,"(450,1,1)","(512,1,1)",1.31914209798247,89.33058774256595,0.0,-7.099854681336931
23,"reduce(long, int, int, float *, float *)",_Z6reduceliiPfS_,"(1,1,1)","(512,1,1)",3.8636269599674447,91.03260869565217,5.2521008403361344,20.0
24,"srad(float, int, int, long, int *, int *, int *, int *, float *, float *, float *, float *, float, float *, float *)",_Z4sradfiilPiS_S_S_PfS0_S0_S0_fS0_S0_,"(450,1,1)","(512,1,1)",1.0014450017695176,0.0,-0.0008612856410764348,-0.027374760470845878
25,"srad2(float, int, int, long, int *, int *, int *, int *, float *, float *, float *, float *, float *, float *)",_Z5srad2fiilPiS_S_S_PfS0_S0_S0_S0_S0_,"(450,1,1)","(512,1,1)",0.9978249709230085,0.0,-0.003029398145142793,-0.016214964095436647
26,"prepare(long, float *, float *, float *)",_Z7preparelPfS_S_,"(450,1,1)","(512,1,1)",1.0657403783748307,0.0,0.0,0.0
27,"reduce(long, int, int, float *, float *)",_Z6reduceliiPfS_,"(450,1,1)","(512,1,1)",1.3468118265671905,89.33058774256595,0.0,6.975392365820578
28,"reduce(long, int, int, float *, float *)",_Z6reduceliiPfS_,"(1,1,1)","(512,1,1)",3.804261904169372,91.03260869565217,5.2521008403361344,-199.68652037617557
29,"srad(float, int, int, long, int *, int *, int *, int *, float *, float *, float *, float *, float, float *, float *)",_Z4sradfiilPiS_S_S_PfS0_S0_S0_fS0_S0_,"(450,1,1)","(512,1,1)",1.0007443235943698,0.0,0.0,-11.141527511634273
30,"srad2(float, int, int, long, int *, int *, int *, int *, float *, float *, float *, float *, float *, float *)",_Z5srad2fiilPiS_S_S_PfS0_S0_S0_S0_S0_,"(450,1,1)","(512,1,1)",1.0246517055599353,0.0,-0.11093344426677759,0.002316423442205235
31,"prepare(long, float *, float *, float *)",_Z7preparelPfS_S_,"(450,1,1)","(512,1,1)",0.997322853367352,0.0,0.0,-0.050658561296859174
32,"reduce(long, int, int, float *, float *)",_Z6reduceliiPfS_,"(450,1,1)","(512,1,1)",1.3387790081819966,89.33058774256595,0.0,-4.837035499273407
33,"reduce(long, int, int, float *, float *)",_Z6reduceliiPfS_,"(1,1,1)","(512,1,1)",3.7672090084799303,91.03260869565217,5.2521008403361344,-47.69230769230769
34,"srad(float, int, int, long, int *, int *, int *, int *, float *, float *, float *, float *, float, float *, float *)",_Z4sradfiilPiS_S_S_PfS0_S0_S0_fS0_S0_,"(450,1,1)","(512,1,1)",1.005750770668498,0.0,0.0,25.684060624554977
35,"srad2(float, int, int, long, int *, int *, int *, int *, float *, float *, float *, float *, float *, float *)",_Z5srad2fiilPiS_S_S_PfS0_S0_S0_S0_S0_,"(450,1,1)","(512,1,1)",1.0044754309413206,0.0,0.02944500495801922,-0.0023164771016238503
36,"prepare(long, float *, float *, float *)",_Z7preparelPfS_S_,"(450,1,1)","(512,1,1)",1.0695324793740901,0.0,0.0,0.0
37,"reduce(long, int, int, float *, float *)",_Z6reduceliiPfS_,"(450,1,1)","(512,1,1)",1.3651480887406293,89.33058774256595,0.0,9.180906740651995
38,"reduce(long, int, int, float *, float *)",_Z6reduceliiPfS_,"(1,1,1)","(512,1,1)",4.005522282854782,91.03260869565217,5.2521008403361344,78.11704834605598
39,"srad(float, int, int, long, int *, int *, int *, int *, float *, float *, float *, float *, float, float *, float *)",_Z4sradfiilPiS_S_S_PfS0_S0_S0_fS0_S0_,"(450,1,1)","(512,1,1)",0.9991621483792045,0.0,0.0,-15.206679441554884
40,"srad2(float, int, int, long, int *, int *, int *, int *, float *, float *, float *, float *, float *, float *)",_Z5srad2fiilPiS_S_S_PfS0_S0_S0_S0_S0_,"(450,1,1)","(512,1,1)",1.0041647316701652,0.0,-0.055441496227379435,-5.012856447914013
41,"prepare(long, float *, float *, float *)",_Z7preparelPfS_S_,"(450,1,1)","(512,1,1)",1.0189454615017621,0.0,0.0,8.95767530006317
42,"reduce(long, int, int, float *, float *)",_Z6reduceliiPfS_,"(450,1,1)","(512,1,1)",1.3649774328564857,89.33058774256595,0.0,4.324432044639299
43,"reduce(long, int, int, float *, float *)",_Z6reduceliiPfS_,"(1,1,1)","(512,1,1)",3.8846224700753034,91.03260869565217,5.2521008403361344,91.48086522462563
44,"srad(float, int, int, long, int *, int *, int *, int *, float *, float *, float *, float *, float, float *, float *)",_Z4sradfiilPiS_S_S_PfS0_S0_S0_fS0_S0_,"(450,1,1)","(512,1,1)",1.007844068068349,0.0,0.0008612782230107702,-0.013689253935660506
45,"srad2(float, int, int, long, int *, int *, int *, int *, float *, float *, float *, float *, float *, float *)",_Z5srad2fiilPiS_S_S_PfS0_S0_S0_S0_S0_,"(450,1,1)","(512,1,1)",0.9763079204006826,0.0,0.03116707717747486,-0.3124433979351567
46,"prepare(long, float *, float *, float *)",_Z7preparelPfS_S_,"(450,1,1)","(512,1,1)",1.0365487598647125,0.0,0.0,-2.9419927837912847
47,"reduce(long, int, int, float *, float *)",_Z6reduceliiPfS_,"(450,1,1)","(512,1,1)",1.3404959542932353,89.33058774256595,0.0,0.3321569441561138
48,"reduce(long, int, int, float *, float *)",_Z6reduceliiPfS_,"(1,1,1)","(512,1,1)",3.7753647006399493,91.03260869565217,5.2521008403361344,88.19221967963387
49,"srad(float, int, int, long, int *, int *, int *, int *, float *, float *, float *, float *, float, float *, float *)",_Z4sradfiilPiS_S_S_PfS0_S0_S0_fS0_S0_,"(450,1,1)","(512,1,1)",0.9989925309624645,0.0,0.0008612782230107702,24.401426388181356
50,"srad2(float, int, int, long, int *, int *, int *, int *, float *, float *, float *, float *, float *, float *)",_Z5srad2fiilPiS_S_S_PfS0_S0_S0_S0_S0_,"(450,1,1)","(512,1,1)",0.9287732775097843,0.0,0.006925927208505038,-0.006949592290585619
51,"prepare(long, float *, float *, float *)",_Z7preparelPfS_S_,"(450,1,1)","(512,1,1)",0.9492861704120061,0.0,0.0,-2.622814321398834
52,"reduce(long, int, int, float *, float *)",_Z6reduceliiPfS_,"(450,1,1)","(512,1,1)",1.3334366353731015,89.33058774256595,0.0,-3.210850460175766
53,"reduce(long, int, int, float *, float *)",_Z6reduceliiPfS_,"(1,1,1)","(512,1,1)",3.959790894924933,91.03260869565217,5.2521008403361344,18.92744479495268
54,"srad(float, int, int, long, int *, int *, int *, int *, float *, float *, float *, float *, float, float *, float *)",_Z4sradfiilPiS_S_S_PfS0_S0_S0_fS0_S0_,"(450,1,1)","(512,1,1)",0.9886935125429794,0.0,0.0,-10.85409252669039
55,"srad2(float, int, int, long, int *, int *, int *, int *, float *, float *, float *, float *, float *, float *)",_Z5srad2fiilPiS_S_S_PfS0_S0_S0_S0_S0_,"(450,1,1)","(512,1,1)",1.0492940741729355,0.0,0.003896002701228539,0.0
56,"prepare(long, float *, float *, float *)",_Z7preparelPfS_S_,"(450,1,1)","(512,1,1)",1.0355920838892076,0.0,0.0,2.7792768483540202
57,"reduce(long, int, int, float *, float *)",_Z6reduceliiPfS_,"(450,1,1)","(512,1,1)",1.3411080294933369,89.33058774256595,0.0,0.3321569441561138
58,"reduce(long, int, int, float *, float *)",_Z6reduceliiPfS_,"(1,1,1)","(512,1,1)",4.01197456282785,91.03260869565217,5.2521008403361344,19.435736677115987
59,"srad(float, int, int, long, int *, int *, int *, int *, float *, float *, float *, float *, float, float *, float *)",_Z4sradfiilPiS_S_S_PfS0_S0_S0_fS0_S0_,"(450,1,1)","(512,1,1)",0.9986638938270777,0.0,0.000861270805072885,9.860545476983832
60,"srad2(float, int, int, long, int *, int *, int *, int *, float *, float *, float *, float *, float *, float *)",_Z5srad2fiilPiS_S_S_PfS0_S0_S0_S0_S0_,"(450,1,1)","(512,1,1)",0.9716806270652425,0.0,0.138054001185793,0.0023164771016238503
61,"prepare(long, float *, float *, float *)",_Z7preparelPfS_S_,"(450,1,1)","(512,1,1)",0.9987203036843929,0.0,0.0,0.0
62,"reduce(long, int, int, float *, float *)",_Z6reduceliiPfS_,"(450,1,1)","(512,1,1)",1.3903536137449863,89.33058774256595,0.0,-4.124282056605079
63,"reduce(long, int, int, float *, float *)",_Z6reduceliiPfS_,"(1,1,1)","(512,1,1)",3.9880157840892485,91.03260869565217,5.2521008403361344,91.47107438016529
64,"srad(float, int, int, long, int *, int *, int *, int *, float *, float *, float *, float *, float, float *, float *)",_Z4sradfiilPiS_S_S_PfS0_S0_S0_fS0_S0_,"(450,1,1)","(512,1,1)",1.0004753532468815,0.0,0.0008612782230107702,0.27296301351166913
65,"srad2(float, int, int, long, int *, int *, int *, int *, float *, float *, float *, float *, float *, float *)",_Z5srad2fiilPiS_S_S_PfS0_S0_S0_S0_S0_,"(450,1,1)","(512,1,1)",0.9767090055649352,0.0,0.05539470893975392,0.8429805218669607
66,"prepare(long, float *, float *, float *)",_Z7preparelPfS_S_,"(450,1,1)","(512,1,1)",1.0481806899740942,0.0,0.0,-2.2203719122953096
67,"reduce(long, int, int, float *, float *)",_Z6reduceliiPfS_,"(450,1,1)","(512,1,1)",1.3431637591110048,89.33058774256595,0.0,9.26100926100926
68,"reduce(long, int, int, float *, float *)",_Z6reduceliiPfS_,"(1,1,1)","(512,1,1)",3.8464780145296835,91.03260869565217,5.2521008403361344,19.49685534591195
69,"srad(float, int, int, long, int *, int *, int *, int *, float *, float *, float *, float *, float, float *, float *)",_Z4sradfiilPiS_S_S_PfS0_S0_S0_fS0_S0_,"(450,1,1)","(512,1,1)",1.0118313152338254,0.0,0.0008612782230107702,9.10674297088828
70,"srad2(float, int, int, long, int *, int *, int *, int *, float *, float *, float *, float *, float *, float *)",_Z5srad2fiilPiS_S_S_PfS0_S0_S0_S0_S0_,"(450,1,1)","(512,1,1)",1.0223797179535865,0.0,-0.00043302040392143276,0.0
71,"prepare(long, float *, float *, float *)",_Z7preparelPfS_S_,"(450,1,1)","(512,1,1)",1.11225685436231,0.0,0.0,2.6479329910834912
72,"reduce(long, int, int, float *, float *)",_Z6reduceliiPfS_,"(450,1,1)","(512,1,1)",1.3185420998881199,89.33058774256595,0.0,9.16372351160444
73,"reduce(long, int, int, float *, float *)",_Z6reduceliiPfS_,"(1,1,1)","(512,1,1)",3.9032388747839177,91.03260869565217,5.2521008403361344,-98.75389408099689
74,"srad(float, int, int, long, int *, int *, int *, int *, float *, float *, float *, float *, float, float *, float *)",_Z4sradfiilPiS_S_S_PfS0_S0_S0_fS0_S0_,"(450,1,1)","(512,1,1)",0.9908060576816926,0.0,0.0,-10.66246920339447
75,"srad2(float, int, int, long, int *, int *, int *, int *, float *, float *, float *, float *, float *, float *)",_Z5srad2fiilPiS_S_S_PfS0_S0_S0_S0_S0_,"(450,1,1)","(512,1,1)",0.9483012023993139,0.0,0.0012986675670761797,-3.288408474151103
76,"prepare(long, float *, float *, float *)",_Z7preparelPfS_S_,"(450,1,1)","(512,1,1)",0.9826274009545833,0.0,0.0,2.8055031022390073
77,"reduce(long, int, int, float *, float *)",_Z6reduceliiPfS_,"(450,1,1)","(512,1,1)",1.3560273363135322,89.33058774256595,0.0,0.3321569441561138
78,"reduce(long, int, int, float *, float *)",_Z6reduceliiPfS_,"(1,1,1)","(512,1,1)",3.935547042081583,91.03260869565217,5.2521008403361344,38.91786179921773
79,"srad(float, int, int, long, int *, int *, int *, int *, float *, float *, float *, float *, float, float *, float *)",_Z4sradfiilPiS_S_S_PfS0_S0_S0_fS0_S0_,"(450,1,1)","(512,1,1)",0.9909034697095337,0.0,0.0,16.956472326400725
80,"srad2(float, int, int, long, int *, int *, int *, int *, float *, float *, float *, float *, float *, float *)",_Z5srad2fiilPiS_S_S_PfS0_S0_S0_S0_S0_,"(450,1,1)","(512,1,1)",0.9694507573319319,0.0,-0.027712825842210097,-3.9000735429306856
81,"prepare(long, float *, float *, float *)",_Z7preparelPfS_S_,"(450,1,1)","(512,1,1)",1.023774073586748,0.0,0.009277728811986826,0.0
82,"reduce(long, int, int, float *, float *)",_Z6reduceliiPfS_,"(450,1,1)","(512,1,1)",1.3185739303078103,89.33058774256595,0.0,0.5949563924007842
83,"reduce(long, int, int, float *, float *)",_Z6reduceliiPfS_,"(1,1,1)","(512,1,1)",3.9859739489725965,91.03260869565217,5.2521008403361344,60.36036036036037
84,"srad(float, int, int, long, int *, int *, int *, int *, float *, float *, float *, float *, float, float *, float *)",_Z4sradfiilPiS_S_S_PfS0_S0_S0_fS0_S0_,"(450,1,1)","(512,1,1)",1.0026285510112551,0.0,0.0,25.75957727873184
85,"srad2(float, int, int, long, int *, int *, int *, int *, float *, float *, float *, float *, float *, float *)",_Z5srad2fiilPiS_S_S_PfS0_S0_S0_S0_S0_,"(450,1,1)","(512,1,1)",1.0018262368586555,0.0,-0.024246937741657537,2.2198061067319017
86,"prepare(long, float *, float *, float *)",_Z7preparelPfS_S_,"(450,1,1)","(512,1,1)",0.9743553707030204,0.0,0.0,-10.019428254232583
87,"reduce(long, int, int, float *, float *)",_Z6reduceliiPfS_,"(450,1,1)","(512,1,1)",1.3471078393434612,89.33058774256595,0.0,0.3321569441561138
88,"reduce(long, int, int, float *, float *)",_Z6reduceliiPfS_,"(1,1,1)","(512,1,1)",3.8420453432851454,91.03260869565217,5.2521008403361344,17.92452830188679
89,"srad(float, int, int, long, int *, int *, int *, int *, float *, float *, float *, float *, float, float *, float *)",_Z4sradfiilPiS_S_S_PfS0_S0_S0_fS0_S0_,"(450,1,1)","(512,1,1)",0.9946124422136442,0.0,0.0008612782230107702,0.0
90,"srad2(float, int, int, long, int *, int *, int *, int *, float *, float *, float *, float *, float *, float *)",_Z5srad2fiilPiS_S_S_PfS0_S0_S0_S0_S0_,"(450,1,1)","(512,1,1)",0.9921891650054281,0.0,0.027272491147262795,4.529269964836234
91,"prepare(long, float *, float *, float *)",_Z7preparelPfS_S_,"(450,1,1)","(512,1,1)",1.0221719697652856,0.0,0.0,-1.4987510407993339
92,"reduce(long, int, int, float *, float *)",_Z6reduceliiPfS_,"(450,1,1)","(512,1,1)",1.302589160744158,89.33058774256595,0.0,3.251158729092497
93,"reduce(long, int, int, float *, float *)",_Z6reduceliiPfS_,"(1,1,1)","(512,1,1)",3.8601465823036167,91.03260869565217,5.2521008403361344,91.46179401993355
94,"srad(float, int, int, long, int *, int *, int *, int *, float *, float *, float *, float *, float, float *, float *)",_Z4sradfiilPiS_S_S_PfS0_S0_S0_fS0_S0_,"(450,1,1)","(512,1,1)",0.9972612716878348,0.0,-0.0008612856410764348,-5.321477428180574
95,"srad2(float, int, int, long, int *, int *, int *, int *, float *, float *, float *, float *, float *, float *)",_Z5srad2fiilPiS_S_S_PfS0_S0_S0_S0_S0_,"(450,1,1)","(512,1,1)",0.9851578171147799,0.0,0.05626146868400097,0.0023164771016238503
96,"prepare(long, float *, float *, float *)",_Z7preparelPfS_S_,"(450,1,1)","(512,1,1)",1.0045804180996725,0.0,0.0,0.050505050505050504
97,"reduce(long, int, int, float *, float *)",_Z6reduceliiPfS_,"(450,1,1)","(512,1,1)",1.3501716835391904,89.33058774256595,0.0,0.298365769309012
98,"reduce(long, int, int, float *, float *)",_Z6reduceliiPfS_,"(1,1,1)","(512,1,1)",3.94414402112067,91.03260869565217,5.2521008403361344,19.435736677115987
99,"srad(float, int, int, long, int *, int *, int *, int *, float *, float *, float *, float *, float, float *, float *)",_Z4sradfiilPiS_S_S_PfS0_S0_S0_fS0_S0_,"(450,1,1)","(512,1,1)",0.9980796400011737,0.0,0.0,10.13530135301353
100,"srad2(float, int, int, long, int *, int *, int *, int *, float *, float *, float *, float *, float *, float *)",_Z5srad2fiilPiS_S_S_PfS0_S0_S0_S0_S0_,"(450,1,1)","(512,1,1)",1.0066701242050142,0.0,0.030743649920759324,0.0
101,"prepare(long, float *, float *, float *)",_Z7preparelPfS_S_,"(450,1,1)","(512,1,1)",1.0541921588582654,0.0,0.0,3.585763981803586
102,"reduce(long, int, int, float *, float *)",_Z6reduceliiPfS_,"(450,1,1)","(512,1,1)",1.3668019816442292,89.33058774256595,0.0,-1.633104975434226
103,"reduce(long, int, int, float *, float *)",_Z6reduceliiPfS_,"(1,1,1)","(512,1,1)",4.001470540254583,91.03260869565217,5.2521008403361344,91.45327569005653
104,"srad(float, int, int, long, int *, int *, int *, int *, float *, float *, float *, float *, float, float *, float *)",_Z4sradfiilPiS_S_S_PfS0_S0_S0_fS0_S0_,"(450,1,1)","(512,1,1)",1.0041768429882778,0.0,0.0,0.013687380235422939
105,"srad2(float, int, int, long, int *, int *, int *, int *, float *, float *, float *, float *, float *, float *)",_Z5srad2fiilPiS_S_S_PfS0_S0_S0_S0_S0_,"(450,1,1)","(512,1,1)",1.0338372270334375,0.0,0.002165045769067558,2.1510982161071697
106,"prepare(long, float *, float *, float *)",_Z7preparelPfS_S_,"(450,1,1)","(512,1,1)",0.9434017975778779,0.0,0.0,-8.742714404662781
107,"reduce(long, int, int, float *, float *)",_Z6reduceliiPfS_,"(450,1,1)","(512,1,1)",1.3708667065698634,89.33058774256595,0.0,9.235809235809237
108,"reduce(long, int, int, float *, float *)",_Z6reduceliiPfS_,"(1,1,1)","(512,1,1)",3.9709396512108284,91.03260869565217,5.2521008403361344,73.42615012106538
109,"srad(float, int, int, long, int *, int *, int *, int *, float *, float *, float *, float *, float, float *, float *)",_Z4sradfiilPiS_S_S_PfS0_S0_S0_fS0_S0_,"(450,1,1)","(512,1,1)",1.0093644971072055,0.0,0.000861270805072885,11.998554391037224
110,"srad2(float, int, int, long, int *, int *, int *, int *, float *, float *, float *, float *, float *, float *)",_Z5srad2fiilPiS_S_S_PfS0_S0_S0_S0_S0_,"(450,1,1)","(512,1,1)",1.1068943937584184,0.0,0.1371902400180035,4.842833840320945
111,"prepare(long, float *, float *, float *)",_Z7preparelPfS_S_,"(450,1,1)","(512,1,1)",1.1043372578437438,0.0,0.0,2.661083344590031
112,"reduce(long, int, int, float *, float *)",_Z6reduceliiPfS_,"(450,1,1)","(512,1,1)",1.3510394754978634,89.33058774256595,0.0,2.128788381192387
113,"reduce(long, int, int, float *, float *)",_Z6reduceliiPfS_,"(1,1,1)","(512,1,1)",3.9131914483467662,91.03260869565217,5.2521008403361344,88.58585858585859
114,"srad(float, int, int, long, int *, int *, int *, int *, float *, float *, float *, float *, float, float *, float *)",_Z4sradfiilPiS_S_S_PfS0_S0_S0_fS0_S0_,"(450,1,1)","(512,1,1)",0.9932521002193828,0.0,-0.0008612856410764348,-0.013687380235422939
115,"srad2(float, int, int, long, int *, int *, int *, int *, float *, float *, float *, float *, float *, float *)",_Z5srad2fiilPiS_S_S_PfS0_S0_S0_S0_S0_,"(450,1,1)","(512,1,1)",0.9876180594760372,0.0,-0.027712825842210097,-1.3922349888806524
116,"prepare(long, float *, float *, float *)",_Z7preparelPfS_S_,"(450,1,1)","(512,1,1)",1.057789096497184,0.0,-0.027833186435960475,0.8803301237964236
117,"reduce(long, int, int, float *, float *)",_Z6reduceliiPfS_,"(450,1,1)","(512,1,1)",1.3453623853073509,89.33058774256595,0.0,-3.210850460175766
118,"reduce(long, int, int, float *, float *)",_Z6reduceliiPfS_,"(1,1,1)","(512,1,1)",3.8732016553103246,91.03260869565217,5.2521008403361344,-123.27044025157232
119,"srad(float, int, int, long, int *, int *, int *, int *, float *, float *, float *, float *, float, float *, float *)",_Z4sradfiilPiS_S_S_PfS0_S0_S0_fS0_S0_,"(450,1,1)","(512,1,1)",1.0099099251963728,0.0,0.0,3.8613081166272654
120,"srad2(float, int, int, long, int *, int *, int *, int *, float *, float *, float *, float *, float *, float *)",_Z5srad2fiilPiS_S_S_PfS0_S0_S0_S0_S0_,"(450,1,1)","(512,1,1)",0.9876481190320973,0.0,0.05977079200630625,0.24554383412149872
121,"prepare(long, float *, float *, float *)",_Z7preparelPfS_S_,"(450,1,1)","(512,1,1)",0.9852439007346604,0.0,0.0,-0.09714127116291979
122,"reduce(long, int, int, float *, float *)",_Z6reduceliiPfS_,"(450,1,1)","(512,1,1)",1.3032161300121508,89.33058774256595,0.0,0.3321569441561138
123,"reduce(long, int, int, float *, float *)",_Z6reduceliiPfS_,"(1,1,1)","(512,1,1)",3.8951133339451225,91.03260869565217,5.2521008403361344,17.350157728706623
124,"srad(float, int, int, long, int *, int *, int *, int *, float *, float *, float *, float *, float, float *, float *)",_Z4sradfiilPiS_S_S_PfS0_S0_S0_fS0_S0_,"(450,1,1)","(512,1,1)",1.000485429028282,0.0,0.0004306372570129277,-17.191349575691213
125,"srad2(float, int, int, long, int *, int *, int *, int *, float *, float *, float *, float *, float *, float *)",_Z5srad2fiilPiS_S_S_PfS0_S0_S0_S0_S0_,"(450,1,1)","(512,1,1)",0.9349852499718841,0.0,0.0523823129605098,-0.025481248117862357
126,"prepare(long, float *, float *, float *)",_Z7preparelPfS_S_,"(450,1,1)","(512,1,1)",1.001762530452873,0.0,0.0,3.41548352531476
127,"reduce(long, int, int, float *, float *)",_Z6reduceliiPfS_,"(450,1,1)","(512,1,1)",1.3402404116165734,89.33058774256595,0.0,0.29755726247318526
128,"reduce(long, int, int, float *, float *)",_Z6reduceliiPfS_,"(1,1,1)","(512,1,1)",3.8389179771549706,91.03260869565217,5.2521008403361344,50.87319665907365
129,"srad(float, int, int, long, int *, int *, int *, int *, float *, float *, float *, float *, float, float *, float *)",_Z4sradfiilPiS_S_S_PfS0_S0_S0_fS0_S0_,"(450,1,1)","(512,1,1)",0.9854822813399301,0.0,0.0025837901617883274,20.144278063176305
130,"srad2(float, int, int, long, int *, int *, int *, int *, float *, float *, float *, float *, float *, float *)",_Z5srad2fiilPiS_S_S_PfS0_S0_S0_S0_S0_,"(450,1,1)","(512,1,1)",0.9815116041756147,0.0,0.12465751645868771,-1.3338205737255617
131,"prepare(long, float *, float *, float *)",_Z7preparelPfS_S_,"(450,1,1)","(512,1,1)",0.9503159117305459,0.0,0.0,0.0
132,"reduce(long, int, int, float *, float *)",_Z6reduceliiPfS_,"(450,1,1)","(512,1,1)",1.3644530161921256,89.33058774256595,0.0,-7.016329919734293
133,"reduce(long, int, int, float *, float *)",_Z6reduceliiPfS_,"(1,1,1)","(512,1,1)",4.035042815029713,91.03260869565217,5.2521008403361344,-113.24921135646689
134,"srad(float, int, int, long, int *, int *, int *, int *, float *, float *, float *, float *, float, float *, float *)",_Z4sradfiilPiS_S_S_PfS0_S0_S0_fS0_S0_,"(450,1,1)","(512,1,1)",1.0077386387801308,0.0,0.0,-13.52285824049174
135,"srad2(float, int, int, long, int *, int *, int *, int *, float *, float *, float *, float *, float *, float *)",_Z5srad2fiilPiS_S_S_PfS0_S0_S0_S0_S0_,"(450,1,1)","(512,1,1)",1.0190975404412108,0.0,-0.026414130260633856,-0.037063633625981605
136,"prepare(long, float *, float *, float *)",_Z7preparelPfS_S_,"(450,1,1)","(512,1,1)",0.9648407573601838,0.0,0.0,-5.897862892034416
137,"reduce(long, int, int, float *, float *)",_Z6reduceliiPfS_,"(450,1,1)","(512,1,1)",1.3421010499414205,89.33058774256595,0.0,-3.6207488835451733
138,"reduce(long, int, int, float *, float *)",_Z6reduceliiPfS_,"(1,1,1)","(512,1,1)",3.8533079057023283,91.03260869565217,5.2521008403361344,-74.92163009404389
139,"srad(float, int, int, long, int *, int *, int *, int *, float *, float *, float *, float *, float, float *, float *)",_Z4sradfiilPiS_S_S_PfS0_S0_S0_fS0_S0_,"(450,1,1)","(512,1,1)",1.00559925485154,0.0,0.0008612782230107702,9.641733482188167
140,"srad2(float, int, int, long, int *, int *, int *, int *, float *, float *, float *, float *, float *, float *)",_Z5srad2fiilPiS_S_S_PfS0_S0_S0_S0_S0_,"(450,1,1)","(512,1,1)",0.9838015636239644,0.0,0.0,-0.7737033519423661
141,"prepare(long, float *, float *, float *)",_Z7preparelPfS_S_,"(450,1,1)","(512,1,1)",0.931557915566985,0.0,0.027828022818978712,-6.687942278340503
142,"reduce(long, int, int, float *, float *)",_Z6reduceliiPfS_,"(450,1,1)","(512,1,1)",1.3579507115004508,89.33058774256595,0.0,7.0035237855524795
143,"reduce(long, int, int, float *, float *)",_Z6reduceliiPfS_,"(1,1,1)","(512,1,1)",3.8717829521906455,91.03260869565217,5.2521008403361344,-63.00940438871473
144,"srad(float, int, int, long, int *, int *, int *, int *, float *, float *, float *, float *, float, float *, float *)",_Z4sradfiilPiS_S_S_PfS0_S0_S0_fS0_S0_,"(450,1,1)","(512,1,1)",0.9916928030972834,0.0,0.0,12.735225307700132
145,"srad2(float, int, int, long, int *, int *, int *, int *, float *, float *, float *, float *, float *, float *)",_Z5srad2fiilPiS_S_S_PfS0_S0_S0_S0_S0_,"(450,1,1)","(512,1,1)",1.0172391492990913,0.0,0.02380942073843836,-0.04632954203247701
146,"prepare(long, float *, float *, float *)",_Z7preparelPfS_S_,"(450,1,1)","(512,1,1)",0.9800885366396911,0.0,0.0,0.0
147,"reduce(long, int, int, float *, float *)",_Z6reduceliiPfS_,"(450,1,1)","(512,1,1)",1.3323943154108617,89.33058774256595,0.0,-2.214379627707425
148,"reduce(long, int, int, float *, float *)",_Z6reduceliiPfS_,"(1,1,1)","(512,1,1)",3.950223371466171,91.03260869565217,5.2521008403361344,-17.92452830188679
149,"srad(float, int, int, long, int *, int *, int *, int *, float *, float *, float *, float *, float, float *, float *)",_Z4sradfiilPiS_S_S_PfS0_S0_S0_fS0_S0_,"(450,1,1)","(512,1,1)",0.9909238895593998,0.0,-0.0008612856410764348,-15.677071110068058
150,"srad2(float, int, int, long, int *, int *, int *, int *, float *, float *, float *, float *, float *, float *)",_Z5srad2fiilPiS_S_S_PfS0_S0_S0_S0_S0_,"(450,1,1)","(512,1,1)",0.9770454662320688,0.0,0.02684680003464103,-0.6022979985174203
151,"prepare(long, float *, float *, float *)",_Z7preparelPfS_S_,"(450,1,1)","(512,1,1)",1.0133527743287731,0.0,0.0,0.0
152,"reduce(long, int, int, float *, float *)",_Z6reduceliiPfS_,"(450,1,1)","(512,1,1)",1.324971147331035,89.33058774256595,0.0,-3.3769289322538234
153,"reduce(long, int, int, float *, float *)",_Z6reduceliiPfS_,"(1,1,1)","(512,1,1)",3.9455954797376664,91.03260869565217,5.2521008403361344,-97.79874213836479
154,"srad(float, int, int, long, int *, int *, int *, int *, float *, float *, float *, float *, float, float *, float *)",_Z4sradfiilPiS_S_S_PfS0_S0_S0_fS0_S0_,"(450,1,1)","(512,1,1)",0.9885735314069908,0.0,0.0008612782230107702,-1.7659137577002053
155,"srad2(float, int, int, long, int *, int *, int *, int *, float *, float *, float *, float *, float *, float *)",_Z5srad2fiilPiS_S_S_PfS0_S0_S0_S0_S0_,"(450,1,1)","(512,1,1)",0.9805524002652986,0.0,-0.02988617266411407,-1.4547139217048877
156,"prepare(long, float *, float *, float *)",_Z7preparelPfS_S_,"(450,1,1)","(512,1,1)",0.9908300864996995,0.0,0.0,-0.013877324451845686
157,"reduce(long, int, int, float *, float *)",_Z6reduceliiPfS_,"(450,1,1)","(512,1,1)",1.3470250011288891,89.33058774256595,0.0,4.118429807052562
158,"reduce(long, int, int, float *, float *)",_Z6reduceliiPfS_,"(1,1,1)","(512,1,1)",3.839635718381593,91.03260869565217,5.2521008403361344,13.836477987421384
159,"srad(float, int, int, long, int *, int *, int *, int *, float *, float *, float *, float *, float, float *, float *)",_Z4sradfiilPiS_S_S_PfS0_S0_S0_fS0_S0_,"(450,1,1)","(512,1,1)",0.9993751971994866,0.0,0.0,-20.7637558171366
160,"srad2(float, int, int, long, int *, int *, int *, int *, float *, float *, float *, float *, float *, float *)",_Z5srad2fiilPiS_S_S_PfS0_S0_S0_S0_S0_,"(450,1,1)","(512,1,1)",1.0352216512990904,0.0,0.08352700345793139,1.949746918764328
161,"prepare(long, float *, float *, float *)",_Z7preparelPfS_S_,"(450,1,1)","(512,1,1)",1.0843756500458857,0.0,0.0,-1.407318053880177
162,"reduce(long, int, int, float *, float *)",_Z6reduceliiPfS_,"(450,1,1)","(512,1,1)",1.3637177833118306,89.33058774256595,0.0,7.190838717932315
163,"reduce(long, int, int, float *, float *)",_Z6reduceliiPfS_,"(1,1,1)","(512,1,1)",3.9392376309702626,91.03260869565217,5.2521008403361344,74.72081218274111
164,"srad(float, int, int, long, int *, int *, int *, int *, float *, float *, float *, float *, float, float *, float *)",_Z4sradfiilPiS_S_S_PfS0_S0_S0_fS0_S0_,"(450,1,1)","(512,1,1)",0.999510031816604,0.0,0.0,-0.02737850787132101
165,"srad2(float, int, int, long, int *, int *, int *, int *, float *, float *, float *, float *, float *, float *)",_Z5srad2fiilPiS_S_S_PfS0_S0_S0_S0_S0_,"(450,1,1)","(512,1,1)",1.018089436901238,0.0,0.05582723849915611,4.531889023985851
166,"prepare(long, float *, float *, float *)",_Z7preparelPfS_S_,"(450,1,1)","(512,1,1)",1.0105720150405988,0.0,0.0,0.0
167,"reduce(long, int, int, float *, float *)",_Z6reduceliiPfS_,"(450,1,1)","(512,1,1)",1.3437365252547713,89.33058774256595,0.0,-2.1105805826586397
168,"reduce(long, int, int, float *, float *)",_Z6reduceliiPfS_,"(1,1,1)","(512,1,1)",3.940366195765089,91.03260869565217,5.2521008403361344,19.49685534591195
169,"srad(float, int, int, long, int *, int *, int *, int *, float *, float *, float *, float *, float, float *, float *)",_Z4sradfiilPiS_S_S_PfS0_S0_S0_fS0_S0_,"(450,1,1)","(512,1,1)",0.9995598840882847,0.0,0.0,-20.3741635941554
170,"srad2(float, int, int, long, int *, int *, int *, int *, float *, float *, float *, float *, float *, float *)",_Z5srad2fiilPiS_S_S_PfS0_S0_S0_S0_S0_,"(450,1,1)","(512,1,1)",0.9894883373251362,0.0,0.08525591922759003,1.0728211138407446
171,"prepare(long, float *, float *, float *)",_Z7preparelPfS_S_,"(450,1,1)","(512,1,1)",1.078101529801228,0.0,0.0,3.2716545990882273
172,"reduce(long, int, int, float *, float *)",_Z6reduceliiPfS_,"(450,1,1)","(512,1,1)",1.3264274398654257,89.33058774256595,0.0,0.3321569441561138
173,"reduce(long, int, int, float *, float *)",_Z6reduceliiPfS_,"(1,1,1)","(512,1,1)",3.9349585786773855,91.03260869565217,5.2521008403361344,77.88920725883477
174,"srad(float, int, int, long, int *, int *, int *, int *, float *, float *, float *, float *, float, float *, float *)",_Z4sradfiilPiS_S_S_PfS0_S0_S0_fS0_S0_,"(450,1,1)","(512,1,1)",1.008514680148139,0.0,-0.0008612856410764348,0.19422189851905802
175,"srad2(float, int, int, long, int *, int *, int *, int *, float *, float *, float *, float *, float *, float *)",_Z5srad2fiilPiS_S_S_PfS0_S0_S0_S0_S0_,"(450,1,1)","(512,1,1)",1.0291869797379518,0.0,0.05670872924828467,1.828945043293868
176,"prepare(long, float *, float *, float *)",_Z7preparelPfS_S_,"(450,1,1)","(512,1,1)",0.9974164243592942,0.0,0.0,0.0
177,"reduce(long, int, int, float *, float *)",_Z6reduceliiPfS_,"(450,1,1)","(512,1,1)",1.3413523148963566,89.33058774256595,0.0,-0.6972846128059002
178,"reduce(long, int, int, float *, float *)",_Z6reduceliiPfS_,"(1,1,1)","(512,1,1)",3.8243486574774916,91.03260869565217,5.2521008403361344,70.4177897574124
179,"srad(float, int, int, long, int *, int *, int *, int *, float *, float *, float *, float *, float, float *, float *)",_Z4sradfiilPiS_S_S_PfS0_S0_S0_fS0_S0_,"(450,1,1)","(512,1,1)",1.0076812235993071,0.0,0.0,10.973134328358208
180,"srad2(float, int, int, long, int *, int *, int *, int *, float *, float *, float *, float *, float *, float *)",_Z5srad2fiilPiS_S_S_PfS0_S0_S0_S0_S0_,"(450,1,1)","(512,1,1)",0.9581131066175912,0.0,0.08268219302612498,0.7632008459575642
181,"prepare(long, float *, float *, float *)",_Z7preparelPfS_S_,"(450,1,1)","(512,1,1)",1.078986142952002,0.0,0.0,5.871931156669198
182,"reduce(long, int, int, float *, float *)",_Z6reduceliiPfS_,"(450,1,1)","(512,1,1)",1.2806786088575532,89.33058774256595,0.0,-2.380458099785482
183,"reduce(long, int, int, float *, float *)",_Z6reduceliiPfS_,"(1,1,1)","(512,1,1)",3.9014644195801593,91.03260869565217,5.2521008403361344,-94.6372239747634
184,"srad(float, int, int, long, int *, int *, int *, int *, float *, float *, float *, float *, float, float *, float *)",_Z4sradfiilPiS_S_S_PfS0_S0_S0_fS0_S0_,"(450,1,1)","(512,1,1)",0.9850800863426987,0.0,0.0,-0.013687380235422939
185,"srad2(float, int, int, long, int *, int *, int *, int *, float *, float *, float *, float *, float *, float *)",_Z5srad2fiilPiS_S_S_PfS0_S0_S0_S0_S0_,"(450,1,1)","(512,1,1)",1.0009349402194212,0.0,0.026414130260633856,0.0023164771016238503
186,"prepare(long, float *, float *, float *)",_Z7preparelPfS_S_,"(450,1,1)","(512,1,1)",1.0263171101135078,0.0,0.0,-1.6362148895554949
187,"reduce(long, int, int, float *, float *)",_Z6reduceliiPfS_,"(450,1,1)","(512,1,1)",1.310962077615464,89.33058774256595,0.0,-0.5535949069268562
188,"reduce(long, int, int, float *, float *)",_Z6reduceliiPfS_,"(1,1,1)","(512,1,1)",3.9182577744906566,91.03260869565217,5.2521008403361344,-60.88328075709779
189,"srad(float, int, int, long, int *, int *, int *, int *, float *, float *, float *, float *, float, float *, float *)",_Z4sradfiilPiS_S_S_PfS0_S0_S0_fS0_S0_,"(450,1,1)","(512,1,1)",0.9969306889334596,0.0,-0.0008612856410764348,9.736936079038209
190,"srad2(float, int, int, long, int *, int *, int *, int *, float *, float *, float *, float *, float *, float *)",_Z5srad2fiilPiS_S_S_PfS0_S0_S0_S0_S0_,"(450,1,1)","(512,1,1)",0.9285290765978739,0.0,-0.027712705842617813,-3.018369663415877
191,"prepare(long, float *, float *, float *)",_Z7preparelPfS_S_,"(450,1,1)","(512,1,1)",1.0237312051603917,0.0,0.0,8.102641891037795
192,"reduce(long, int, int, float *, float *)",_Z6reduceliiPfS_,"(450,1,1)","(512,1,1)",1.330473236779578,89.33058774256595,0.0,1.418063746603936
193,"reduce(long, int, int, float *, float *)",_Z6reduceliiPfS_,"(1,1,1)","(512,1,1)",3.6959339100147193,91.03260869565217,5.2521008403361344,19.122257053291534
194,"srad(float, int, int, long, int *, int *, int *, int *, float *, float *, float *, float *, float, float *, float *)",_Z4sradfiilPiS_S_S_PfS0_S0_S0_fS0_S0_,"(450,1,1)","(512,1,1)",1.0028584731259838,0.0,-0.0008612856410764348,22.54267840101792
195,"srad2(float, int, int, long, int *, int *, int *, int *, float *, float *, float *, float *, float *, float *)",_Z5srad2fiilPiS_S_S_PfS0_S0_S0_S0_S0_,"(450,1,1)","(512,1,1)",1.0293790394139577,0.0,0.02640715504030338,-1.0688288952363403
196,"prepare(long, float *, float *, float *)",_Z7preparelPfS_S_,"(450,1,1)","(512,1,1)",0.9829119005520874,0.0,0.0,-5.1207327227310575
197,"reduce(long, int, int, float *, float *)",_Z6reduceliiPfS_,"(450,1,1)","(512,1,1)",1.3267379575504679,89.33058774256595,0.0,0.25601992803764184
198,"reduce(long, int, int, float *, float *)",_Z6reduceliiPfS_,"(1,1,1)","(512,1,1)",3.9075744555702094,91.03260869565217,5.2521008403361344,78.71983914209115
199,"srad(float, int, int, long, int *, int *, int *, int *, float *, float *, float *, float *, float, float *, float *)",_Z4sradfiilPiS_S_S_PfS0_S0_S0_fS0_S0_,"(450,1,1)","(512,1,1)",1.0046106595705946,0.0,0.0,-12.772073921971252
200,"srad2(float, int, int, long, int *, int *, int *, int *, float *, float *, float *, float *, float *, float *)",_Z5srad2fiilPiS_S_S_PfS0_S0_S0_S0_S0_,"(450,1,1)","(512,1,1)",0.9909307449994569,0.0,-0.029445387466657428,2.7985827689823743
201,"prepare(long, float *, float *, float *)",_Z7preparelPfS_S_,"(450,1,1)","(512,1,1)",1.0758714258363253,0.0,0.0,0.0
202,"reduce(long, int, int, float *, float *)",_Z6reduceliiPfS_,"(450,1,1)","(512,1,1)",1.3314473441364292,89.33058774256595,0.0,0.3321569441561138
203,"reduce(long, int, int, float *, float *)",_Z6reduceliiPfS_,"(1,1,1)","(512,1,1)",3.784928322967084,91.03260869565217,5.2521008403361344,19.49685534591195
204,"srad(float, int, int, long, int *, int *, int *, int *, float *, float *, float *, float *, float, float *, float *)",_Z4sradfiilPiS_S_S_PfS0_S0_S0_fS0_S0_,"(450,1,1)","(512,1,1)",1.0163175150992234,0.0,0.0,-0.581251545881771
205,"srad2(float, int, int, long, int *, int *, int *, int *, float *, float *, float *, float *, float *, float *)",_Z5srad2fiilPiS_S_S_PfS0_S0_S0_S0_S0_,"(450,1,1)","(512,1,1)",1.005376129889548,0.0,-0.02814644813475653,-2.2354521868050408
206,"prepare(long, float *, float *, float *)",_Z7preparelPfS_S_,"(450,1,1)","(512,1,1)",0.921702764512751,0.0,0.0,-6.355814598945324
207,"reduce(long, int, int, float *, float *)",_Z6reduceliiPfS_,"(450,1,1)","(512,1,1)",1.3640565603259986,89.33058774256595,0.0,6.172291296625223
208,"reduce(long, int, int, float *, float *)",_Z6reduceliiPfS_,"(1,1,1)","(512,1,1)",3.9095275781460863,91.03260869565217,5.2521008403361344,13.125
209,"srad(float, int, int, long, int *, int *, int *, int *, float *, float *, float *, float *, float, float *, float *)",_Z4sradfiilPiS_S_S_PfS0_S0_S0_fS0_S0_,"(450,1,1)","(512,1,1)",0.9984403942862624,0.0,-0.0034451128920430806,18.611506403740595
210,"srad2(float, int, int, long, int *, int *, int *, int *, float *, float *, float *, float *, float *, float *)",_Z5srad2fiilPiS_S_S_PfS0_S0_S0_S0_S0_,"(450,1,1)","(512,1,1)",0.9768068545347107,0.0,0.026839594462385607,-0.06254488174384397
211,"prepare(long, float *, float *, float *)",_Z7preparelPfS_S_,"(450,1,1)","(512,1,1)",1.0885171117646768,0.0,0.0,-1.2212045517624202
212,"reduce(long, int, int, float *, float *)",_Z6reduceliiPfS_,"(450,1,1)","(512,1,1)",1.3086737417839263,89.33058774256595,0.0,-0.49823541623417067
213,"reduce(long, int, int, float *, float *)",_Z6reduceliiPfS_,"(1,1,1)","(512,1,1)",3.9147756936157516,91.03260869565217,5.2521008403361344,-68.45425867507886
214,"srad(float, int, int, long, int *, int *, int *, int *, float *, float *, float *, float *, float, float *, float *)",_Z4sradfiilPiS_S_S_PfS0_S0_S0_fS0_S0_,"(450,1,1)","(512,1,1)",1.0046623996258577,0.0,0.0,3.1481706575908595
215,"srad2(float, int, int, long, int *, int *, int *, int *, float *, float *, float *, float *, float *, float *)",_Z5srad2fiilPiS_S_S_PfS0_S0_S0_S0_S0_,"(450,1,1)","(512,1,1)",1.0029910863613276,0.0,-0.026839594462385607,-0.5860822831727205
216,"prepare(long, float *, float *, float *)",_Z7preparelPfS_S_,"(450,1,1)","(512,1,1)",0.9611329037934543,0.0,0.0,-2.9975020815986677
217,"reduce(long, int, int, float *, float *)",_Z6reduceliiPfS_,"(450,1,1)","(512,1,1)",1.3543960007935887,89.33058774256595,0.0,-3.8336447304684795
218,"reduce(long, int, int, float *, float *)",_Z6reduceliiPfS_,"(1,1,1)","(512,1,1)",3.9143980343980345,91.03260869565217,5.2521008403361344,90.97245270494524
219,"srad(float, int, int, long, int *, int *, int *, int *, float *, float *, float *, float *, float, float *, float *)",_Z4sradfiilPiS_S_S_PfS0_S0_S0_fS0_S0_,"(450,1,1)","(512,1,1)",1.0037666592576686,0.0,0.0,9.466798321402123
220,"srad2(float, int, int, long, int *, int *, int *, int *, float *, float *, float *, float *, float *, float *)",_Z5srad2fiilPiS_S_S_PfS0_S0_S0_S0_S0_,"(450,1,1)","(512,1,1)",0.9768587641528566,0.0,0.055395188408556825,1.5799553143951484
221,"prepare(long, float *, float *, float *)",_Z7preparelPfS_S_,"(450,1,1)","(512,1,1)",1.0177177937788713,0.0,-0.009278589654372536,0.0
222,"reduce(long, int, int, float *, float *)",_Z6reduceliiPfS_,"(450,1,1)","(512,1,1)",1.372325936149348,89.33058774256595,0.0,5.170025188916877
223,"reduce(long, int, int, float *, float *)",_Z6reduceliiPfS_,"(1,1,1)","(512,1,1)",3.8100104054522768,91.03260869565217,5.2521008403361344,18.037974683544302
224,"srad(float, int, int, long, int *, int *, int *, int *, float *, float *, float *, float *, float, float *, float *)",_Z4sradfiilPiS_S_S_PfS0_S0_S0_fS0_S0_,"(450,1,1)","(512,1,1)",1.0075919138134637,0.0,-0.0008612856410764348,26.000202572672947
225,"srad2(float, int, int, long, int *, int *, int *, int *, float *, float *, float *, float *, float *, float *)",_Z5srad2fiilPiS_S_S_PfS0_S0_S0_S0_S0_,"(450,1,1)","(512,1,1)",1.006146893237811,0.0,0.059737932288352405,-1.8068939955522607
226,"prepare(long, float *, float *, float *)",_Z7preparelPfS_S_,"(450,1,1)","(512,1,1)",0.9886299163601091,0.0,0.0,0.36086607858861264
227,"reduce(long, int, int, float *, float *)",_Z6reduceliiPfS_,"(450,1,1)","(512,1,1)",1.3060487148416218,89.33058774256595,0.0,-1.8176903844854382
228,"reduce(long, int, int, float *, float *)",_Z6reduceliiPfS_,"(1,1,1)","(512,1,1)",3.992055215787831,91.03260869565217,5.2521008403361344,58.25320512820513
229,"srad(float, int, int, long, int *, int *, int *, int *, float *, float *, float *, float *, float, float *, float *)",_Z4sradfiilPiS_S_S_PfS0_S0_S0_fS0_S0_,"(450,1,1)","(512,1,1)",0.9982403313552949,0.0,-0.0008612856410764348,-10.020533880903491
230,"srad2(float, int, int, long, int *, int *, int *, int *, float *, float *, float *, float *, float *, float *)",_Z5srad2fiilPiS_S_S_PfS0_S0_S0_S0_S0_,"(450,1,1)","(512,1,1)",1.0063692181743757,0.0,0.0537094147406355,-0.12277328638606408
231,"prepare(long, float *, float *, float *)",_Z7preparelPfS_S_,"(450,1,1)","(512,1,1)",1.0200056244384135,0.0,0.0,8.923154701718907
232,"reduce(long, int, int, float *, float *)",_Z6reduceliiPfS_,"(450,1,1)","(512,1,1)",1.3778296500302276,89.33058774256595,0.0,4.675925925925926
233,"reduce(long, int, int, float *, float *)",_Z6reduceliiPfS_,"(1,1,1)","(512,1,1)",4.000194085027727,91.03260869565217,5.2521008403361344,0.6666666666666667
234,"srad(float, int, int, long, int *, int *, int *, int *, float *, float *, float *, float *, float, float *, float *)",_Z4sradfiilPiS_S_S_PfS0_S0_S0_fS0_S0_,"(450,1,1)","(512,1,1)",0.9968907361075146,0.0,-0.0008612856410764348,-16.710004105652114
235,"srad2(float, int, int, long, int *, int *, int *, int *, float *, float *, float *, float *, float *, float *)",_Z5srad2fiilPiS_S_S_PfS0_S0_S0_S0_S0_,"(450,1,1)","(512,1,1)",0.9983292555488114,0.0,-0.0021650363942617877,-1.037781741527485
236,"prepare(long, float *, float *, float *)",_Z7preparelPfS_S_,"(450,1,1)","(512,1,1)",0.9853852827864615,0.0,0.0,-2.7814923776410807
237,"reduce(long, int, int, float *, float *)",_Z6reduceliiPfS_,"(450,1,1)","(512,1,1)",1.3413257983494797,89.33058774256595,0.0,-0.22143796277074249
238,"reduce(long, int, int, float *, float *)",_Z6reduceliiPfS_,"(1,1,1)","(512,1,1)",3.7402380473664327,91.03260869565217,5.2521008403361344,39.51762523191095
239,"srad(float, int, int, long, int *, int *, int *, int *, float *, float *, float *, float *, float, float *, float *)",_Z4sradfiilPiS_S_S_PfS0_S0_S0_fS0_S0_,"(450,1,1)","(512,1,1)",1.0021319403656541,0.0,0.0008612782230107702,7.9569415159249814
240,"srad2(float, int, int, long, int *, int *, int *, int *, float *, float *, float *, float *, float *, float *)",_Z5srad2fiilPiS_S_S_PfS0_S0_S0_S0_S0_,"(450,1,1)","(512,1,1)",1.0386677060785812,0.0,0.08354978354978354,4.406075210576349
241,"prepare(long, float *, float *, float *)",_Z7preparelPfS_S_,"(450,1,1)","(512,1,1)",1.080816916219895,0.0,0.0,-4.995836802664446
242,"reduce(long, int, int, float *, float *)",_Z6reduceliiPfS_,"(450,1,1)","(512,1,1)",1.3834942500461227,89.33058774256595,0.0,-3.210850460175766
243,"reduce(long, int, int, float *, float *)",_Z6reduceliiPfS_,"(1,1,1)","(512,1,1)",3.8787257939670674,91.03260869565217,5.2521008403361344,-105.59006211180125
244,"srad(float, int, int, long, int *, int *, int *, int *, float *, float *, float *, float *, float, float *, float *)",_Z4sradfiilPiS_S_S_PfS0_S0_S0_fS0_S0_,"(450,1,1)","(512,1,1)",1.0032705716259573,0.0,-0.0017225712821528696,-10.80082135523614
245,"srad2(float, int, int, long, int *, int *, int *, int *, float *, float *, float *, float *, float *, float *)",_Z5srad2fiilPiS_S_S_PfS0_S0_S0_S0_S0_,"(450,1,1)","(512,1,1)",1.0007796876533228,0.0,-0.025973351341523593,-2.4207185711969235
246,"prepare(long, float *, float *, float *)",_Z7preparelPfS_S_,"(450,1,1)","(512,1,1)",0.9518245867581971,0.0,-0.004639294827186268,-1.3877324451845685
247,"reduce(long, int, int, float *, float *)",_Z6reduceliiPfS_,"(450,1,1)","(512,1,1)",1.3510340782172556,89.33058774256595,0.0,7.10330942494023
248,"reduce(long, int, int, float *, float *)",_Z6reduceliiPfS_,"(1,1,1)","(512,1,1)",3.8651505335234986,91.03260869565217,5.2521008403361344,18.808777429467085
249,"srad(float, int, int, long, int *, int *, int *, int *, float *, float *, float *, float *, float, float *, float *)",_Z4sradfiilPiS_S_S_PfS0_S0_S0_fS0_S0_,"(450,1,1)","(512,1,1)",1.005126814085333,0.0,0.000861270805072885,-17.944155488639474
250,"srad2(float, int, int, long, int *, int *, int *, int *, float *, float *, float *, float *, float *, float *)",_Z5srad2fiilPiS_S_S_PfS0_S0_S0_S0_S0_,"(450,1,1)","(512,1,1)",0.9490308670012614,0.0,0.02639949797675979,-4.850703050800343
251,"prepare(long, float *, float *, float *)",_Z7preparelPfS_S_,"(450,1,1)","(512,1,1)",1.0022954030025981,0.0,0.004639079606606049,1.0979961570134504
252,"reduce(long, int, int, float *, float *)",_Z6reduceliiPfS_,"(450,1,1)","(512,1,1)",1.3081568414785822,89.33058774256595,0.0,-1.7438239568195975
253,"reduce(long, int, int, float *, float *)",_Z6reduceliiPfS_,"(1,1,1)","(512,1,1)",3.889144267461155,91.03260869565217,5.2521008403361344,-77.11598746081505
254,"srad(float, int, int, long, int *, int *, int *, int *, float *, float *, float *, float *, float, float *, float *)",_Z4sradfiilPiS_S_S_PfS0_S0_S0_fS0_S0_,"(450,1,1)","(512,1,1)",1.008981627517675,0.0,0.0,0.013689253935660506
255,"srad2(float, int, int, long, int *, int *, int *, int *, float *, float *, float *, float *, float *, float *)",_Z5srad2fiilPiS_S_S_PfS0_S0_S0_S0_S0_,"(450,1,1)","(512,1,1)",0.9925531713127159,0.0,0.05541101553672928,-2.7032661570535095
256,"prepare(long, float *, float *, float *)",_Z7preparelPfS_S_,"(450,1,1)","(512,1,1)",1.1076860175881857,0.0,0.0,3.026227303295225
257,"reduce(long, int, int, float *, float *)",_Z6reduceliiPfS_,"(450,1,1)","(512,1,1)",1.3286140872122685,89.33058774256595,0.0,1.140452107799878
258,"reduce(long, int, int, float *, float *)",_Z6reduceliiPfS_,"(1,1,1)","(512,1,1)",3.9327936971970177,91.03260869565217,5.2521008403361344,11.5625
259,"srad(float, int, int, long, int *, int *, int *, int *, float *, float *, float *, float *, float, float *, float *)",_Z4sradfiilPiS_S_S_PfS0_S0_S0_fS0_S0_,"(450,1,1)","(512,1,1)",1.0025013910541434,0.0,0.0,-21.28387626608267
260,"srad2(float, int, int, long, int *, int *, int *, int *, float *, float *, float *, float *, float *, float *)",_Z5srad2fiilPiS_S_S_PfS0_S0_S0_S0_S0_,"(450,1,1)","(512,1,1)",1.0068853882158633,0.0,-0.022948491461429216,0.00463284688441047
261,"prepare(long, float *, float *, float *)",_Z7preparelPfS_S_,"(450,1,1)","(512,1,1)",1.0232892100382702,0.0,0.0,-1.0034787262510034
262,"reduce(long, int, int, float *, float *)",_Z6reduceliiPfS_,"(450,1,1)","(512,1,1)",1.3284130167293722,89.33058774256595,0.0,4.577986975304662
263,"reduce(long, int, int, float *, float *)",_Z6reduceliiPfS_,"(1,1,1)","(512,1,1)",3.9713761621459507,91.03260869565217,5.2521008403361344,-93.71069182389937
264,"srad(float, int, int, long, int *, int *, int *, int *, float *, float *, float *, float *, float, float *, float *)",_Z4sradfiilPiS_S_S_PfS0_S0_S0_fS0_S0_,"(450,1,1)","(512,1,1)",0.9948275819070111,0.0,0.00172254161014577,-4.637482900136799
265,"srad2(float, int, int, long, int *, int *, int *, int *, float *, float *, float *, float *, float *, float *)",_Z5srad2fiilPiS_S_S_PfS0_S0_S0_S0_S0_,"(450,1,1)","(512,1,1)",1.0143699967985713,0.0,-0.02251637850032259,-1.704927146795154
266,"prepare(long, float *, float *, float *)",_Z7preparelPfS_S_,"(450,1,1)","(512,1,1)",1.0481005912965258,0.0,0.004639079606606049,8.599695585996955
267,"reduce(long, int, int, float *, float *)",_Z6reduceliiPfS_,"(450,1,1)","(512,1,1)",1.322488719308895,89.33058774256595,0.0,-2.2420593730537677
268,"reduce(long, int, int, float *, float *)",_Z6reduceliiPfS_,"(1,1,1)","(512,1,1)",3.9707209031598096,91.03260869565217,5.2521008403361344,2.2222222222222223
269,"srad(float, int, int, long, int *, int *, int *, int *, float *, float *, float *, float *, float, float *, float *)",_Z4sradfiilPiS_S_S_PfS0_S0_S0_fS0_S0_,"(450,1,1)","(512,1,1)",1.009954308196261,0.0,0.0,-6.897495552210209
270,"srad2(float, int, int, long, int *, int *, int *, int *, float *, float *, float *, float *, float *, float *)",_Z5srad2fiilPiS_S_S_PfS0_S0_S0_S0_S0_,"(450,1,1)","(512,1,1)",0.9793621545220834,0.0,0.05932251094435375,0.3758623060527583
271,"prepare(long, float *, float *, float *)",_Z7preparelPfS_S_,"(450,1,1)","(512,1,1)",1.0740455052753626,0.0,-0.004639294827186268,-1.2212045517624202
272,"reduce(long, int, int, float *, float *)",_Z6reduceliiPfS_,"(450,1,1)","(512,1,1)",1.3194433584961887,89.33058774256595,0.0,2.8421541935055448
273,"reduce(long, int, int, float *, float *)",_Z6reduceliiPfS_,"(1,1,1)","(512,1,1)",3.873781271778406,91.03260869565217,5.2521008403361344,-146.70846394984326
274,"srad(float, int, int, long, int *, int *, int *, int *, float *, float *, float *, float *, float, float *, float *)",_Z4sradfiilPiS_S_S_PfS0_S0_S0_fS0_S0_,"(450,1,1)","(512,1,1)",0.9941584371711975,0.0,0.0,0.0
275,"srad2(float, int, int, long, int *, int *, int *, int *, float *, float *, float *, float *, float *, float *)",_Z5srad2fiilPiS_S_S_PfS0_S0_S0_S0_S0_,"(450,1,1)","(512,1,1)",0.9100588932217765,0.0,0.003896002701228539,-0.15984062268346924
276,"prepare(long, float *, float *, float *)",_Z7preparelPfS_S_,"(450,1,1)","(512,1,1)",1.051839065197185,0.0,0.0,-1.4154870940882598
277,"reduce(long, int, int, float *, float *)",_Z6reduceliiPfS_,"(450,1,1)","(512,1,1)",1.3307453763909647,89.33058774256595,0.0,5.807337649597803
278,"reduce(long, int, int, float *, float *)",_Z6reduceliiPfS_,"(1,1,1)","(512,1,1)",3.8954398915717268,91.03260869565217,5.2521008403361344,18.92744479495268
279,"srad(float, int, int, long, int *, int *, int *, int *, float *, float *, float *, float *, float, float *, float *)",_Z4sradfiilPiS_S_S_PfS0_S0_S0_fS0_S0_,"(450,1,1)","(512,1,1)",1.0014523040047738,0.0,0.0,-15.754174650971803
280,"srad2(float, int, int, long, int *, int *, int *, int *, float *, float *, float *, float *, float *, float *)",_Z5srad2fiilPiS_S_S_PfS0_S0_S0_S0_S0_,"(450,1,1)","(512,1,1)",0.9723076852866703,0.0,0.0017315642518560203,-2.8632320237212747
281,"prepare(long, float *, float *, float *)",_Z7preparelPfS_S_,"(450,1,1)","(512,1,1)",1.030537174897605,0.0,0.0,6.122980719124544
282,"reduce(long, int, int, float *, float *)",_Z6reduceliiPfS_,"(450,1,1)","(512,1,1)",1.3214997512386548,89.33058774256595,0.0,0.3321569441561138
283,"reduce(long, int, int, float *, float *)",_Z6reduceliiPfS_,"(1,1,1)","(512,1,1)",3.7536450634788086,91.03260869565217,5.2521008403361344,18.553459119496853
284,"srad(float, int, int, long, int *, int *, int *, int *, float *, float *, float *, float *, float, float *, float *)",_Z4sradfiilPiS_S_S_PfS0_S0_S0_fS0_S0_,"(450,1,1)","(512,1,1)",0.9953618297057583,0.0,-0.0008612856410764348,0.0
285,"srad2(float, int, int, long, int *, int *, int *, int *, float *, float *, float *, float *, float *, float *)",_Z5srad2fiilPiS_S_S_PfS0_S0_S0_S0_S0_,"(450,1,1)","(512,1,1)",0.9883020642437659,0.0,0.0558286881556625,-2.7913549074567396
286,"prepare(long, float *, float *, float *)",_Z7preparelPfS_S_,"(450,1,1)","(512,1,1)",1.0203225573153973,0.0,0.0,-0.05286809410520751
287,"reduce(long, int, int, float *, float *)",_Z6reduceliiPfS_,"(450,1,1)","(512,1,1)",1.3695790263031233,89.33058774256595,0.0,0.304477198809771
288,"reduce(long, int, int, float *, float *)",_Z6reduceliiPfS_,"(1,1,1)","(512,1,1)",3.8597610162635996,91.03260869565217,5.2521008403361344,83.1151832460733
289,"srad(float, int, int, long, int *, int *, int *, int *, float *, float *, float *, float *, float, float *, float *)",_Z4sradfiilPiS_S_S_PfS0_S0_S0_fS0_S0_,"(450,1,1)","(512,1,1)",0.9968027817548578,0.0,0.0,-20.733543177774735
290,"srad2(float, int, int, long, int *, int *, int *, int *, float *, float *, float *, float *, float *, float *)",_Z5srad2fiilPiS_S_S_PfS0_S0_S0_S0_S0_,"(450,1,1)","(512,1,1)",1.0639586427911438,0.0,0.1402184638288296,2.151901601467823
291,"prepare(long, float *, float *, float *)",_Z7preparelPfS_S_,"(450,1,1)","(512,1,1)",0.9489882052334999,0.0,0.0,-3.330557868442964
292,"reduce(long, int, int, float *, float *)",_Z6reduceliiPfS_,"(450,1,1)","(512,1,1)",1.3775942037772455,89.33058774256595,0.0,0.41485169052063886
293,"reduce(long, int, int, float *, float *)",_Z6reduceliiPfS_,"(1,1,1)","(512,1,1)",3.993430957256805,91.03260869565217,5.2521008403361344,86.49193548387096
294,"srad(float, int, int, long, int *, int *, int *, int *, float *, float *, float *, float *, float, float *, float *)",_Z4sradfiilPiS_S_S_PfS0_S0_S0_fS0_S0_,"(450,1,1)","(512,1,1)",0.9914472661598929,0.0,-0.0008612856410764348,0.08206811653672548
295,"srad2(float, int, int, long, int *, int *, int *, int *, float *, float *, float *, float *, float *, float *)",_Z5srad2fiilPiS_S_S_PfS0_S0_S0_S0_S0_,"(450,1,1)","(512,1,1)",0.9920245550785775,0.0,0.030734866324975758,0.0023164771016238503
296,"prepare(long, float *, float *, float *)",_Z7preparelPfS_S_,"(450,1,1)","(512,1,1)",0.996517024369543,0.0,0.0,-3.2025509496741997
297,"reduce(long, int, int, float *, float *)",_Z6reduceliiPfS_,"(450,1,1)","(512,1,1)",1.3687096665821694,89.33058774256595,0.0,5.807337649597803
298,"reduce(long, int, int, float *, float *)",_Z6reduceliiPfS_,"(1,1,1)","(512,1,1)",3.8735928356294593,91.03260869565217,5.2521008403361344,60.96911608093717
299,"srad(float, int, int, long, int *, int *, int *, int *, float *, float *, float *, float *, float, float *, float *)",_Z4sradfiilPiS_S_S_PfS0_S0_S0_fS0_S0_,"(450,1,1)","(512,1,1)",1.0005540269900985,0.0,0.0,0.08206811653672548
300,"srad2(float, int, int, long, int *, int *, int *, int *, float *, float *, float *, float *, float *, float *)",_Z5srad2fiilPiS_S_S_PfS0_S0_S0_S0_S0_,"(450,1,1)","(512,1,1)",0.9752457667223766,0.0,0.001732051615138131,-0.7802071346375143
301,"prepare(long, float *, float *, float *)",_Z7preparelPfS_S_,"(450,1,1)","(512,1,1)",0.9888106856568303,0.0,0.0,4.821027605336151
302,"reduce(long, int, int, float *, float *)",_Z6reduceliiPfS_,"(450,1,1)","(512,1,1)",1.379585614429563,89.33058774256595,0.0,3.821986137202824
303,"reduce(long, int, int, float *, float *)",_Z6reduceliiPfS_,"(1,1,1)","(512,1,1)",3.854865794657202,91.03260869565217,5.2521008403361344,-86.9969040247678
304,"srad(float, int, int, long, int *, int *, int *, int *, float *, float *, float *, float *, float, float *, float *)",_Z4sradfiilPiS_S_S_PfS0_S0_S0_fS0_S0_,"(450,1,1)","(512,1,1)",0.9969618642333467,0.0,-0.0008612856410764348,7.660844572186602
305,"srad2(float, int, int, long, int *, int *, int *, int *, float *, float *, float *, float *, float *, float *)",_Z5srad2fiilPiS_S_S_PfS0_S0_S0_S0_S0_,"(450,1,1)","(512,1,1)",1.0336342850580968,0.0,0.0575742621403773,-0.02779708130646282
306,"prepare(long, float *, float *, float *)",_Z7preparelPfS_S_,"(450,1,1)","(512,1,1)",1.1035949855163234,0.0,0.0,4.758128469468676
307,"reduce(long, int, int, float *, float *)",_Z6reduceliiPfS_,"(450,1,1)","(512,1,1)",1.3588797741233927,89.33058774256595,0.0,-1.4116670126634834
308,"reduce(long, int, int, float *, float *)",_Z6reduceliiPfS_,"(1,1,1)","(512,1,1)",3.8590571694076656,91.03260869565217,5.2521008403361344,86.9367088607595
309,"srad(float, int, int, long, int *, int *, int *, int *, float *, float *, float *, float *, float, float *, float *)",_Z4sradfiilPiS_S_S_PfS0_S0_S0_fS0_S0_,"(450,1,1)","(512,1,1)",0.998823025093429,0.0,0.0,16.73125142466378
310,"srad2(float, int, int, long, int *, int *, int *, int *, float *, float *, float *, float *, float *, float *)",_Z5srad2fiilPiS_S_S_PfS0_S0_S0_S0_S0_,"(450,1,1)","(512,1,1)",1.0142142146779582,0.0,-0.05282803176610173,0.4318779944665632
311,"prepare(long, float *, float *, float *)",_Z7preparelPfS_S_,"(450,1,1)","(512,1,1)",1.0579675334249716,0.0,0.0,-3.968914793227866
312,"reduce(long, int, int, float *, float *)",_Z6reduceliiPfS_,"(450,1,1)","(512,1,1)",1.3476062219249645,89.33058774256595,0.0,4.2105263157894735
313,"reduce(long, int, int, float *, float *)",_Z6reduceliiPfS_,"(1,1,1)","(512,1,1)",3.918293714741528,91.03260869565217,5.2521008403361344,81.89563365282216
314,"srad(float, int, int, long, int *, int *, int *, int *, float *, float *, float *, float *, float, float *, float *)",_Z4sradfiilPiS_S_S_PfS0_S0_S0_fS0_S0_,"(450,1,1)","(512,1,1)",0.9894097690712151,0.0,0.0,0.0
315,"srad2(float, int, int, long, int *, int *, int *, int *, float *, float *, float *, float *, float *, float *)",_Z5srad2fiilPiS_S_S_PfS0_S0_S0_S0_S0_,"(450,1,1)","(512,1,1)",1.0006067818270021,0.0,-0.026839362088968158,-0.5976649369903633
316,"prepare(long, float *, float *, float *)",_Z7preparelPfS_S_,"(450,1,1)","(512,1,1)",1.0109852836093598,0.0,0.0,5.914610262436349
317,"reduce(long, int, int, float *, float *)",_Z6reduceliiPfS_,"(450,1,1)","(512,1,1)",1.3925828648665253,89.33058774256595,0.0,0.304477198809771
318,"reduce(long, int, int, float *, float *)",_Z6reduceliiPfS_,"(1,1,1)","(512,1,1)",3.963315965406621,91.03260869565217,5.2521008403361344,19.122257053291534
319,"srad(float, int, int, long, int *, int *, int *, int *, float *, float *, float *, float *, float, float *, float *)",_Z4sradfiilPiS_S_S_PfS0_S0_S0_fS0_S0_,"(450,1,1)","(512,1,1)",0.9980308400174097,0.0,0.0017225267745255514,-0.013689253935660506
320,"srad2(float, int, int, long, int *, int *, int *, int *, float *, float *, float *, float *, float *, float *)",_Z5srad2fiilPiS_S_S_PfS0_S0_S0_S0_S0_,"(450,1,1)","(512,1,1)",1.0073598565901014,0.0,-0.028145960621636018,2.5289017341040463
321,"prepare(long, float *, float *, float *)",_Z7preparelPfS_S_,"(450,1,1)","(512,1,1)",0.9862170621075432,0.0,0.0,-5.5231751318345825
322,"reduce(long, int, int, float *, float *)",_Z6reduceliiPfS_,"(450,1,1)","(512,1,1)",1.353018011517731,89.33058774256595,0.0,0.3321569441561138
323,"reduce(long, int, int, float *, float *)",_Z6reduceliiPfS_,"(1,1,1)","(512,1,1)",3.9062378620136475,91.03260869565217,5.2521008403361344,-132.5
324,"srad(float, int, int, long, int *, int *, int *, int *, float *, float *, float *, float *, float, float *, float *)",_Z4sradfiilPiS_S_S_PfS0_S0_S0_fS0_S0_,"(450,1,1)","(512,1,1)",0.999932741416279,0.0,-0.0008612856410764348,-1.7037552155771907
325,"srad2(float, int, int, long, int *, int *, int *, int *, float *, float *, float *, float *, float *, float *)",_Z5srad2fiilPiS_S_S_PfS0_S0_S0_S0_S0_,"(450,1,1)","(512,1,1)",1.0246072029031015,0.0,0.05627632541568724,-0.6393476800481827
326,"prepare(long, float *, float *, float *)",_Z7preparelPfS_S_,"(450,1,1)","(512,1,1)",1.0158855374026328,0.0,0.0,4.650243709656172
327,"reduce(long, int, int, float *, float *)",_Z6reduceliiPfS_,"(450,1,1)","(512,1,1)",1.3359152465399533,89.33058774256595,0.0,6.874606175173283
328,"reduce(long, int, int, float *, float *)",_Z6reduceliiPfS_,"(1,1,1)","(512,1,1)",3.867568215449722,91.03260869565217,5.2521008403361344,-16.352201257861633
329,"srad(float, int, int, long, int *, int *, int *, int *, float *, float *, float *, float *, float, float *, float *)",_Z4sradfiilPiS_S_S_PfS0_S0_S0_fS0_S0_,"(450,1,1)","(512,1,1)",1.0004820750098775,0.0,0.0,13.861944507105797
330,"srad2(float, int, int, long, int *, int *, int *, int *, float *, float *, float *, float *, float *, float *)",_Z5srad2fiilPiS_S_S_PfS0_S0_S0_S0_S0_,"(450,1,1)","(512,1,1)",0.9755314666921159,0.0,0.028995793446085133,-0.19458407653640344
331,"prepare(long, float *, float *, float *)",_Z7preparelPfS_S_,"(450,1,1)","(512,1,1)",0.9787479333303544,0.0,0.0,-0.8825889275207275
332,"reduce(long, int, int, float *, float *)",_Z6reduceliiPfS_,"(450,1,1)","(512,1,1)",1.3645878461754504,89.33058774256595,0.0,0.3321569441561138
333,"reduce(long, int, int, float *, float *)",_Z6reduceliiPfS_,"(1,1,1)","(512,1,1)",3.923273580643079,91.03260869565217,5.2521008403361344,19.003115264797508
334,"srad(float, int, int, long, int *, int *, int *, int *, float *, float *, float *, float *, float, float *, float *)",_Z4sradfiilPiS_S_S_PfS0_S0_S0_fS0_S0_,"(450,1,1)","(512,1,1)",1.0084515122252309,0.0,0.0,20.082906076142688
335,"srad2(float, int, int, long, int *, int *, int *, int *, float *, float *, float *, float *, float *, float *)",_Z5srad2fiilPiS_S_S_PfS0_S0_S0_S0_S0_,"(450,1,1)","(512,1,1)",0.973151188360394,0.0,0.027705627705627702,-0.9497776130467014
336,"prepare(long, float *, float *, float *)",_Z7preparelPfS_S_,"(450,1,1)","(512,1,1)",1.020419484780487,0.0,0.0,4.606830818109611
337,"reduce(long, int, int, float *, float *)",_Z6reduceliiPfS_,"(450,1,1)","(512,1,1)",1.3683095678577435,89.33058774256595,0.0,5.0810597073942265
338,"reduce(long, int, int, float *, float *)",_Z6reduceliiPfS_,"(1,1,1)","(512,1,1)",3.8940164648379008,91.03260869565217,5.2521008403361344,7.255520504731862
339,"srad(float, int, int, long, int *, int *, int *, int *, float *, float *, float *, float *, float, float *, float *)",_Z4sradfiilPiS_S_S_PfS0_S0_S0_fS0_S0_,"(450,1,1)","(512,1,1)",0.9988678127667232,0.0,0.0,-13.413632630714481
340,"srad2(float, int, int, long, int *, int *, int *, int *, float *, float *, float *, float *, float *, float *)",_Z5srad2fiilPiS_S_S_PfS0_S0_S0_S0_S0_,"(450,1,1)","(512,1,1)",1.028577390884847,0.0,0.028571428571428574,0.0
341,"prepare(long, float *, float *, float *)",_Z7preparelPfS_S_,"(450,1,1)","(512,1,1)",1.0343099652317715,0.0,0.0,5.321245565628695
342,"reduce(long, int, int, float *, float *)",_Z6reduceliiPfS_,"(450,1,1)","(512,1,1)",1.3110992238397754,89.33058774256595,0.0,4.350964693529335
343,"reduce(long, int, int, float *, float *)",_Z6reduceliiPfS_,"(1,1,1)","(512,1,1)",3.936370504754665,91.03260869565217,5.2521008403361344,67.14589989350372
344,"srad(float, int, int, long, int *, int *, int *, int *, float *, float *, float *, float *, float, float *, float *)",_Z4sradfiilPiS_S_S_PfS0_S0_S0_fS0_S0_,"(450,1,1)","(512,1,1)",1.0015588601936614,0.0,0.0008612782230107702,0.02737101409607226
345,"srad2(float, int, int, long, int *, int *, int *, int *, float *, float *, float *, float *, float *, float *)",_Z5srad2fiilPiS_S_S_PfS0_S0_S0_S0_S0_,"(450,1,1)","(512,1,1)",1.01338192643901,0.0,0.02857068647567596,1.7038923572764768
346,"prepare(long, float *, float *, float *)",_Z7preparelPfS_S_,"(450,1,1)","(512,1,1)",1.0479029572299934,0.0,0.0,2.6812059012187297
347,"reduce(long, int, int, float *, float *)",_Z6reduceliiPfS_,"(450,1,1)","(512,1,1)",1.360985488918519,89.33058774256595,0.0,-0.49823541623417067
348,"reduce(long, int, int, float *, float *)",_Z6reduceliiPfS_,"(1,1,1)","(512,1,1)",3.747689169516949,91.03260869565217,5.2521008403361344,-78.30188679245283
349,"srad(float, int, int, long, int *, int *, int *, int *, float *, float *, float *, float *, float, float *, float *)",_Z4sradfiilPiS_S_S_PfS0_S0_S0_fS0_S0_,"(450,1,1)","(512,1,1)",1.005724191480525,0.0,0.0,-17.84590119063911
350,"srad2(float, int, int, long, int *, int *, int *, int *, float *, float *, float *, float *, float *, float *)",_Z5srad2fiilPiS_S_S_PfS0_S0_S0_S0_S0_,"(450,1,1)","(512,1,1)",0.9695151021599933,0.0,0.04718594291799603,-2.177438035672921
351,"prepare(long, float *, float *, float *)",_Z7preparelPfS_S_,"(450,1,1)","(512,1,1)",1.0642799550781812,0.0,0.0,-5.148487371634749
352,"reduce(long, int, int, float *, float *)",_Z6reduceliiPfS_,"(450,1,1)","(512,1,1)",1.3908584409006493,89.33058774256595,0.0,0.4217367256637168
353,"reduce(long, int, int, float *, float *)",_Z6reduceliiPfS_,"(1,1,1)","(512,1,1)",4.016570579911826,91.03260869565217,5.2521008403361344,73.85093167701864
354,"srad(float, int, int, long, int *, int *, int *, int *, float *, float *, float *, float *, float, float *, float *)",_Z4sradfiilPiS_S_S_PfS0_S0_S0_fS0_S0_,"(450,1,1)","(512,1,1)",0.990376237845742,0.0,0.0008612782230107702,2.164821648216482
355,"srad2(float, int, int, long, int *, int *, int *, int *, float *, float *, float *, float *, float *, float *)",_Z5srad2fiilPiS_S_S_PfS0_S0_S0_S0_S0_,"(450,1,1)","(512,1,1)",0.9544893931919092,0.0,0.0017315642518560203,-0.03474393718296157
356,"prepare(long, float *, float *, float *)",_Z7preparelPfS_S_,"(450,1,1)","(512,1,1)",1.060395318296412,0.0,-0.004639294827186268,-0.041603106365275276
357,"reduce(long, int, int, float *, float *)",_Z6reduceliiPfS_,"(450,1,1)","(512,1,1)",1.335836111977355,89.33058774256595,0.0,-4.3926397343663535
358,"reduce(long, int, int, float *, float *)",_Z6reduceliiPfS_,"(1,1,1)","(512,1,1)",3.9077381633708925,91.03260869565217,5.2521008403361344,-91.61490683229813
359,"srad(float, int, int, long, int *, int *, int *, int *, float *, float *, float *, float *, float, float *, float *)",_Z4sradfiilPiS_S_S_PfS0_S0_S0_fS0_S0_,"(450,1,1)","(512,1,1)",1.0011403634908627,0.0,0.0008612782230107702,-1.094990418833835
360,"srad2(float, int, int, long, int *, int *, int *, int *, float *, float *, float *, float *, float *, float *)",_Z5srad2fiilPiS_S_S_PfS0_S0_S0_S0_S0_,"(450,1,1)","(512,1,1)",1.0148888310698176,0.0,-0.05544053569417614,0.8984987676450817
361,"prepare(long, float *, float *, float *)",_Z7preparelPfS_S_,"(450,1,1)","(512,1,1)",0.9684894171962389,0.0,0.05100621348418807,4.853347362883072
362,"reduce(long, int, int, float *, float *)",_Z6reduceliiPfS_,"(450,1,1)","(512,1,1)",1.3728420169796915,89.33058774256595,0.0,-1.4393467580098263
363,"reduce(long, int, int, float *, float *)",_Z6reduceliiPfS_,"(1,1,1)","(512,1,1)",3.9000921646276296,91.03260869565217,5.2521008403361344,58.75
364,"srad(float, int, int, long, int *, int *, int *, int *, float *, float *, float *, float *, float, float *, float *)",_Z4sradfiilPiS_S_S_PfS0_S0_S0_fS0_S0_,"(450,1,1)","(512,1,1)",0.9995939397374185,0.0,0.0008612782230107702,-21.319102353585112
365,"srad2(float, int, int, long, int *, int *, int *, int *, float *, float *, float *, float *, float *, float *)",_Z5srad2fiilPiS_S_S_PfS0_S0_S0_S0_S0_,"(450,1,1)","(512,1,1)",1.002153253100272,0.0,-0.007794367270585791,0.2584908629099328
366,"prepare(long, float *, float *, float *)",_Z7preparelPfS_S_,"(450,1,1)","(512,1,1)",0.951076241478721,0.0,0.0,-0.29139744077030283
367,"reduce(long, int, int, float *, float *)",_Z6reduceliiPfS_,"(450,1,1)","(512,1,1)",1.3395353012462783,89.33058774256595,0.0,-1.9791017922635112
368,"reduce(long, int, int, float *, float *)",_Z6reduceliiPfS_,"(1,1,1)","(512,1,1)",3.7142360380513626,91.03260869565217,5.2521008403361344,-131.34796238244516
369,"srad(float, int, int, long, int *, int *, int *, int *, float *, float *, float *, float *, float, float *, float *)",_Z4sradfiilPiS_S_S_PfS0_S0_S0_fS0_S0_,"(450,1,1)","(512,1,1)",1.008659224208053,0.0,0.0,21.216881348832338
370,"srad2(float, int, int, long, int *, int *, int *, int *, float *, float *, float *, float *, float *, float *)",_Z5srad2fiilPiS_S_S_PfS0_S0_S0_S0_S0_,"(450,1,1)","(512,1,1)",1.0206295911317873,0.0,0.03029450587497025,3.2708291327822208
371,"prepare(long, float *, float *, float *)",_Z7preparelPfS_S_,"(450,1,1)","(512,1,1)",1.0072636218777808,0.0,0.0,-4.524007771301694
372,"reduce(long, int, int, float *, float *)",_Z6reduceliiPfS_,"(450,1,1)","(512,1,1)",1.3386469384943136,89.33058774256595,0.0,3.1583077224874128
373,"reduce(long, int, int, float *, float *)",_Z6reduceliiPfS_,"(1,1,1)","(512,1,1)",3.856219938509156,91.03260869565217,5.2521008403361344,18.670886075949365
374,"srad(float, int, int, long, int *, int *, int *, int *, float *, float *, float *, float *, float, float *, float *)",_Z4sradfiilPiS_S_S_PfS0_S0_S0_fS0_S0_,"(450,1,1)","(512,1,1)",1.0237122270532744,0.0,0.0,-0.04107338444687842
375,"srad2(float, int, int, long, int *, int *, int *, int *, float *, float *, float *, float *, float *, float *)",_Z5srad2fiilPiS_S_S_PfS0_S0_S0_S0_S0_,"(450,1,1)","(512,1,1)",1.0279143884406174,0.0,0.0,2.0197893972403778
376,"prepare(long, float *, float *, float *)",_Z7preparelPfS_S_,"(450,1,1)","(512,1,1)",0.9492275729086983,0.0,0.0,-4.551762420205384
377,"reduce(long, int, int, float *, float *)",_Z6reduceliiPfS_,"(450,1,1)","(512,1,1)",1.2911932989504293,89.33058774256595,0.0,-2.787769784172662
378,"reduce(long, int, int, float *, float *)",_Z6reduceliiPfS_,"(1,1,1)","(512,1,1)",3.8431220511983386,91.03260869565217,5.2521008403361344,-57.68025078369906
379,"srad(float, int, int, long, int *, int *, int *, int *, float *, float *, float *, float *, float, float *, float *)",_Z4sradfiilPiS_S_S_PfS0_S0_S0_fS0_S0_,"(450,1,1)","(512,1,1)",1.0085922339184206,0.0,0.0017225267745255514,-10.691307323750856
380,"srad2(float, int, int, long, int *, int *, int *, int *, float *, float *, float *, float *, float *, float *)",_Z5srad2fiilPiS_S_S_PfS0_S0_S0_S0_S0_,"(450,1,1)","(512,1,1)",1.018268372508182,0.0,0.028563267637817767,2.273137290276024
381,"prepare(long, float *, float *, float *)",_Z7preparelPfS_S_,"(450,1,1)","(512,1,1)",1.0061689789799457,0.0,0.0,-4.4268665001387735
382,"reduce(long, int, int, float *, float *)",_Z6reduceliiPfS_,"(450,1,1)","(512,1,1)",1.37529414470003,89.33058774256595,0.0,0.3321569441561138
383,"reduce(long, int, int, float *, float *)",_Z6reduceliiPfS_,"(1,1,1)","(512,1,1)",3.8172924668809283,91.03260869565217,5.2521008403361344,7.523510971786834
384,"srad(float, int, int, long, int *, int *, int *, int *, float *, float *, float *, float *, float, float *, float *)",_Z4sradfiilPiS_S_S_PfS0_S0_S0_fS0_S0_,"(450,1,1)","(512,1,1)",0.9921049343072591,0.0,0.0017225267745255514,0.02737101409607226
385,"srad2(float, int, int, long, int *, int *, int *, int *, float *, float *, float *, float *, float *, float *)",_Z5srad2fiilPiS_S_S_PfS0_S0_S0_S0_S0_,"(450,1,1)","(512,1,1)",1.0485914020255132,0.0,0.026839826839826837,1.984469370146678
386,"prepare(long, float *, float *, float *)",_Z7preparelPfS_S_,"(450,1,1)","(512,1,1)",1.052039737609396,0.0,0.0,6.325604838709678
387,"reduce(long, int, int, float *, float *)",_Z6reduceliiPfS_,"(450,1,1)","(512,1,1)",1.3598766576390426,89.33058774256595,0.0,0.3321569441561138
388,"reduce(long, int, int, float *, float *)",_Z6reduceliiPfS_,"(1,1,1)","(512,1,1)",3.816869831991504,91.03260869565217,5.2521008403361344,-55.0314465408805
389,"srad(float, int, int, long, int *, int *, int *, int *, float *, float *, float *, float *, float, float *, float *)",_Z4sradfiilPiS_S_S_PfS0_S0_S0_fS0_S0_,"(450,1,1)","(512,1,1)",1.0041465913279544,0.0,0.0,-20.50650239561944
390,"srad2(float, int, int, long, int *, int *, int *, int *, float *, float *, float *, float *, float *, float *)",_Z5srad2fiilPiS_S_S_PfS0_S0_S0_S0_S0_,"(450,1,1)","(512,1,1)",1.020569619011676,0.0,-0.02251559854687791,2.4759968372303174
391,"prepare(long, float *, float *, float *)",_Z7preparelPfS_S_,"(450,1,1)","(512,1,1)",1.0664168454479297,0.0,0.0,6.24512099921936
392,"reduce(long, int, int, float *, float *)",_Z6reduceliiPfS_,"(450,1,1)","(512,1,1)",1.3440717814415808,89.33058774256595,0.0,0.32478292569762046
393,"reduce(long, int, int, float *, float *)",_Z6reduceliiPfS_,"(1,1,1)","(512,1,1)",3.7882563601797834,91.03260869565217,5.2521008403361344,-121.51898734177216
394,"srad(float, int, int, long, int *, int *, int *, int *, float *, float *, float *, float *, float, float *, float *)",_Z4sradfiilPiS_S_S_PfS0_S0_S0_fS0_S0_,"(450,1,1)","(512,1,1)",0.9969955543924908,0.0,0.0,22.227879034721514
395,"srad2(float, int, int, long, int *, int *, int *, int *, float *, float *, float *, float *, float *, float *)",_Z5srad2fiilPiS_S_S_PfS0_S0_S0_S0_S0_,"(450,1,1)","(512,1,1)",0.9874320597606362,0.0,0.05755956116244347,1.307219004259731
396,"prepare(long, float *, float *, float *)",_Z7preparelPfS_S_,"(450,1,1)","(512,1,1)",1.010602537439136,0.0,0.0,-0.7216208714959755
397,"reduce(long, int, int, float *, float *)",_Z6reduceliiPfS_,"(450,1,1)","(512,1,1)",1.3436959430790822,89.33058774256595,0.0,-0.5259151615805134
398,"reduce(long, int, int, float *, float *)",_Z6reduceliiPfS_,"(1,1,1)","(512,1,1)",3.854805328609645,91.03260869565217,5.2521008403361344,-37.61755485893417
399,"srad(float, int, int, long, int *, int *, int *, int *, float *, float *, float *, float *, float, float *, float *)",_Z4sradfiilPiS_S_S_PfS0_S0_S0_fS0_S0_,"(450,1,1)","(512,1,1)",1.0072163990344645,0.0,-0.0008612782230107702,2.675021086877937
400,"srad2(float, int, int, long, int *, int *, int *, int *, float *, float *, float *, float *, float *, float *)",_Z5srad2fiilPiS_S_S_PfS0_S0_S0_S0_S0_,"(450,1,1)","(512,1,1)",1.0042362675507572,0.0,-0.0030311559529737804,-1.107224757360265
401,"prepare(long, float *, float *, float *)",_Z7preparelPfS_S_,"(450,1,1)","(512,1,1)",0.9691753113363505,0.0,0.0,-6.203164029975021
402,"reduce(long, int, int, float *, float *)",_Z6reduceliiPfS_,"(450,1,1)","(512,1,1)",1.3311288356984714,89.33058774256595,0.0,-1.8822226835513114
403,"reduce(long, int, int, float *, float *)",_Z6reduceliiPfS_,"(1,1,1)","(512,1,1)",3.883790242957194,91.03260869565217,5.2521008403361344,58.634742740703004
404,"srad(float, int, int, long, int *, int *, int *, int *, float *, float *, float *, float *, float, float *, float *)",_Z4sradfiilPiS_S_S_PfS0_S0_S0_fS0_S0_,"(450,1,1)","(512,1,1)",1.005137931443105,0.0,0.0,-0.32854209445585214
405,"srad2(float, int, int, long, int *, int *, int *, int *, float *, float *, float *, float *, float *, float *)",_Z5srad2fiilPiS_S_S_PfS0_S0_S0_S0_S0_,"(450,1,1)","(512,1,1)",0.9753361278498957,0.0,0.03160788898270226,-0.6208158632351919
406,"prepare(long, float *, float *, float *)",_Z7preparelPfS_S_,"(450,1,1)","(512,1,1)",0.9454184816779978,0.0,0.0,4.637336504161712
407,"reduce(long, int, int, float *, float *)",_Z6reduceliiPfS_,"(450,1,1)","(512,1,1)",1.358034147648098,89.33058774256595,0.0,0.7716155700998967
408,"reduce(long, int, int, float *, float *)",_Z6reduceliiPfS_,"(1,1,1)","(512,1,1)",3.7971897718223206,91.03260869565217,5.2521008403361344,77.91687531296945
409,"srad(float, int, int, long, int *, int *, int *, int *, float *, float *, float *, float *, float, float *, float *)",_Z4sradfiilPiS_S_S_PfS0_S0_S0_fS0_S0_,"(450,1,1)","(512,1,1)",0.9993736517854682,0.0,0.0,-4.339493497604381
410,"srad2(float, int, int, long, int *, int *, int *, int *, float *, float *, float *, float *, float *, float *)",_Z5srad2fiilPiS_S_S_PfS0_S0_S0_S0_S0_,"(450,1,1)","(512,1,1)",1.0180199047990117,0.0,0.05452987458128846,1.8488908906654655
411,"prepare(long, float *, float *, float *)",_Z7preparelPfS_S_,"(450,1,1)","(512,1,1)",1.0822720472591967,0.0,0.0,2.498048399687744
412,"reduce(long, int, int, float *, float *)",_Z6reduceliiPfS_,"(450,1,1)","(512,1,1)",1.3320259992925363,89.33058774256595,0.0,-2.3250986090927963
413,"reduce(long, int, int, float *, float *)",_Z6reduceliiPfS_,"(1,1,1)","(512,1,1)",3.964758799888013,91.03260869565217,5.2521008403361344,86.10271903323263
414,"srad(float, int, int, long, int *, int *, int *, int *, float *, float *, float *, float *, float, float *, float *)",_Z4sradfiilPiS_S_S_PfS0_S0_S0_fS0_S0_,"(450,1,1)","(512,1,1)",1.0088900799801097,0.0,-0.0008612856410764348,-17.300848617574598
415,"srad2(float, int, int, long, int *, int *, int *, int *, float *, float *, float *, float *, float *, float *)",_Z5srad2fiilPiS_S_S_PfS0_S0_S0_S0_S0_,"(450,1,1)","(512,1,1)",1.0050071514031949,0.0,0.05844029350014068,2.5311034980165887
416,"prepare(long, float *, float *, float *)",_Z7preparelPfS_S_,"(450,1,1)","(512,1,1)",0.9947938438153144,0.0,0.0,-1.942825423258396
417,"reduce(long, int, int, float *, float *)",_Z6reduceliiPfS_,"(450,1,1)","(512,1,1)",1.3561843627475254,89.33058774256595,0.0,5.807337649597803
418,"reduce(long, int, int, float *, float *)",_Z6reduceliiPfS_,"(1,1,1)","(512,1,1)",3.8305261094104384,91.03260869565217,5.2521008403361344,78.55051244509517
419,"srad(float, int, int, long, int *, int *, int *, int *, float *, float *, float *, float *, float, float *, float *)",_Z4sradfiilPiS_S_S_PfS0_S0_S0_fS0_S0_,"(450,1,1)","(512,1,1)",1.0036536387988264,0.0,0.0004306372570129277,16.89791314156796
420,"srad2(float, int, int, long, int *, int *, int *, int *, float *, float *, float *, float *, float *, float *)",_Z5srad2fiilPiS_S_S_PfS0_S0_S0_S0_S0_,"(450,1,1)","(512,1,1)",0.9759803206746673,0.0,0.0004328910629640051,1.5371092429398905
421,"prepare(long, float *, float *, float *)",_Z7preparelPfS_S_,"(450,1,1)","(512,1,1)",1.0268127888833278,0.0,0.0,3.0833551084400312
422,"reduce(long, int, int, float *, float *)",_Z6reduceliiPfS_,"(450,1,1)","(512,1,1)",1.338789332157549,89.33058774256595,0.0,-1.4670265033561691
423,"reduce(long, int, int, float *, float *)",_Z6reduceliiPfS_,"(1,1,1)","(512,1,1)",4.020203949038356,91.03260869565217,5.2521008403361344,70.44491525423729
424,"srad(float, int, int, long, int *, int *, int *, int *, float *, float *, float *, float *, float, float *, float *)",_Z4sradfiilPiS_S_S_PfS0_S0_S0_fS0_S0_,"(450,1,1)","(512,1,1)",1.0047822750358983,0.0,0.0017225267745255514,-21.338625787024363
425,"srad2(float, int, int, long, int *, int *, int *, int *, float *, float *, float *, float *, float *, float *)",_Z5srad2fiilPiS_S_S_PfS0_S0_S0_S0_S0_,"(450,1,1)","(512,1,1)",0.9727660979974959,0.0,-0.025114748419502904,-0.0023165307635285397
426,"prepare(long, float *, float *, float *)",_Z7preparelPfS_S_,"(450,1,1)","(512,1,1)",1.0330454400594282,0.0,0.0,4.675118858954041
427,"reduce(long, int, int, float *, float *)",_Z6reduceliiPfS_,"(450,1,1)","(512,1,1)",1.342461759466933,89.33058774256595,0.0,0.3321569441561138
428,"reduce(long, int, int, float *, float *)",_Z6reduceliiPfS_,"(1,1,1)","(512,1,1)",3.869117242643689,91.03260869565217,5.2521008403361344,-3.1446540880503147
429,"srad(float, int, int, long, int *, int *, int *, int *, float *, float *, float *, float *, float, float *, float *)",_Z4sradfiilPiS_S_S_PfS0_S0_S0_fS0_S0_,"(450,1,1)","(512,1,1)",1.0045465580240152,0.0,0.0,-11.933762145887506
430,"srad2(float, int, int, long, int *, int *, int *, int *, float *, float *, float *, float *, float *, float *)",_Z5srad2fiilPiS_S_S_PfS0_S0_S0_S0_S0_,"(450,1,1)","(512,1,1)",0.9786925180363651,0.0,0.08568794872571633,-1.9597850259451446
431,"prepare(long, float *, float *, float *)",_Z7preparelPfS_S_,"(450,1,1)","(512,1,1)",1.0155330139674477,0.0,0.0,1.0044937879989426
432,"reduce(long, int, int, float *, float *)",_Z6reduceliiPfS_,"(450,1,1)","(512,1,1)",1.3685982609324439,89.33058774256595,0.0,7.828711563855877
433,"reduce(long, int, int, float *, float *)",_Z6reduceliiPfS_,"(1,1,1)","(512,1,1)",4.002955283851751,91.03260869565217,5.2521008403361344,19.74921630094044
434,"srad(float, int, int, long, int *, int *, int *, int *, float *, float *, float *, float *, float, float *, float *)",_Z4sradfiilPiS_S_S_PfS0_S0_S0_fS0_S0_,"(450,1,1)","(512,1,1)",0.9995396368909275,0.0,-0.0008612856410764348,16.819468024900964
435,"srad2(float, int, int, long, int *, int *, int *, int *, float *, float *, float *, float *, float *, float *)",_Z5srad2fiilPiS_S_S_PfS0_S0_S0_S0_S0_,"(450,1,1)","(512,1,1)",0.9821659632180589,0.0,-0.05629240875217051,0.8147930199397958
436,"prepare(long, float *, float *, float *)",_Z7preparelPfS_S_,"(450,1,1)","(512,1,1)",1.0601474903324848,0.0,0.0,-5.370524562864279
437,"reduce(long, int, int, float *, float *)",_Z6reduceliiPfS_,"(450,1,1)","(512,1,1)",1.3315592777969518,89.33058774256595,0.0,-1.515466057712269
438,"reduce(long, int, int, float *, float *)",_Z6reduceliiPfS_,"(1,1,1)","(512,1,1)",3.9164558196108654,91.03260869565217,5.2521008403361344,-37.30407523510972
439,"srad(float, int, int, long, int *, int *, int *, int *, float *, float *, float *, float *, float, float *, float *)",_Z4sradfiilPiS_S_S_PfS0_S0_S0_fS0_S0_,"(450,1,1)","(512,1,1)",1.0028173777967078,0.0,0.0008612782230107702,-7.5270288764198705
440,"srad2(float, int, int, long, int *, int *, int *, int *, float *, float *, float *, float *, float *, float *)",_Z5srad2fiilPiS_S_S_PfS0_S0_S0_S0_S0_,"(450,1,1)","(512,1,1)",0.9586574983628029,0.0,0.19220696014302968,-0.2733379661802178
441,"prepare(long, float *, float *, float *)",_Z7preparelPfS_S_,"(450,1,1)","(512,1,1)",0.9536962551854832,0.0,0.0,-4.274215931168471
442,"reduce(long, int, int, float *, float *)",_Z6reduceliiPfS_,"(450,1,1)","(512,1,1)",1.349556958763668,89.33058774256595,0.0,-0.11071898138537124
443,"reduce(long, int, int, float *, float *)",_Z6reduceliiPfS_,"(1,1,1)","(512,1,1)",3.9234934778614736,91.03260869565217,5.2521008403361344,41.75217048145225
444,"srad(float, int, int, long, int *, int *, int *, int *, float *, float *, float *, float *, float, float *, float *)",_Z4sradfiilPiS_S_S_PfS0_S0_S0_fS0_S0_,"(450,1,1)","(512,1,1)",1.0037523044414791,0.0,0.0004306372570129277,-10.046537092800438
445,"srad2(float, int, int, long, int *, int *, int *, int *, float *, float *, float *, float *, float *, float *)",_Z5srad2fiilPiS_S_S_PfS0_S0_S0_S0_S0_,"(450,1,1)","(512,1,1)",0.9754418678161575,0.0,0.051069207431868054,-0.44244712641015543
446,"prepare(long, float *, float *, float *)",_Z7preparelPfS_S_,"(450,1,1)","(512,1,1)",1.0708845928529585,0.0,0.0,8.024769366864653
447,"reduce(long, int, int, float *, float *)",_Z6reduceliiPfS_,"(450,1,1)","(512,1,1)",1.3231743565643703,89.33058774256595,0.0,1.1787948633519922
448,"reduce(long, int, int, float *, float *)",_Z6reduceliiPfS_,"(1,1,1)","(512,1,1)",3.908208495031969,91.03260869565217,5.2521008403361344,73.97540983606558
449,"srad(float, int, int, long, int *, int *, int *, int *, float *, float *, float *, float *, float, float *, float *)",_Z4sradfiilPiS_S_S_PfS0_S0_S0_fS0_S0_,"(450,1,1)","(512,1,1)",0.9980032169002511,0.0,0.0,-12.920886942239255
450,"srad2(float, int, int, long, int *, int *, int *, int *, float *, float *, float *, float *, float *, float *)",_Z5srad2fiilPiS_S_S_PfS0_S0_S0_S0_S0_,"(450,1,1)","(512,1,1)",0.9897401206823302,0.0,0.022943524298490923,0.0
451,"prepare(long, float *, float *, float *)",_Z7preparelPfS_S_,"(450,1,1)","(512,1,1)",0.9963657378854123,0.0,0.0,-2.9419927837912847
452,"reduce(long, int, int, float *, float *)",_Z6reduceliiPfS_,"(450,1,1)","(512,1,1)",1.3360541393092489,89.33058774256595,0.0,0.3321569441561138
453,"reduce(long, int, int, float *, float *)",_Z6reduceliiPfS_,"(1,1,1)","(512,1,1)",3.910381048419663,91.03260869565217,5.2521008403361344,-3.1645569620253164
454,"srad(float, int, int, long, int *, int *, int *, int *, float *, float *, float *, float *, float, float *, float *)",_Z4sradfiilPiS_S_S_PfS0_S0_S0_fS0_S0_,"(450,1,1)","(512,1,1)",1.0020701151501552,0.0,0.0,4.823261117445838
455,"srad2(float, int, int, long, int *, int *, int *, int *, float *, float *, float *, float *, float *, float *)",_Z5srad2fiilPiS_S_S_PfS0_S0_S0_S0_S0_,"(450,1,1)","(512,1,1)",1.0356241340697299,0.0,0.05367942130120649,0.8184120094049557
456,"prepare(long, float *, float *, float *)",_Z7preparelPfS_S_,"(450,1,1)","(512,1,1)",0.9435120075803943,0.0,0.0,-2.84169670085944
457,"reduce(long, int, int, float *, float *)",_Z6reduceliiPfS_,"(450,1,1)","(512,1,1)",1.3438632537168622,89.33058774256595,0.0,3.4530115754365314
458,"reduce(long, int, int, float *, float *)",_Z6reduceliiPfS_,"(1,1,1)","(512,1,1)",3.936688104360518,91.03260869565217,5.2521008403361344,81.11111111111111
459,"srad(float, int, int, long, int *, int *, int *, int *, float *, float *, float *, float *, float, float *, float *)",_Z4sradfiilPiS_S_S_PfS0_S0_S0_fS0_S0_,"(450,1,1)","(512,1,1)",1.0100086237985482,0.0,0.0,-2.517938682322244
460,"srad2(float, int, int, long, int *, int *, int *, int *, float *, float *, float *, float *, float *, float *)",_Z5srad2fiilPiS_S_S_PfS0_S0_S0_S0_S0_,"(450,1,1)","(512,1,1)",1.0298930964605937,0.0,0.053230622755009296,2.3612964512699888
461,"prepare(long, float *, float *, float *)",_Z7preparelPfS_S_,"(450,1,1)","(512,1,1)",1.0565333616926653,0.0,0.0,-2.8309741881765196
462,"reduce(long, int, int, float *, float *)",_Z6reduceliiPfS_,"(450,1,1)","(512,1,1)",1.3220931094280337,89.33058774256595,0.0,-1.7715037021659399
463,"reduce(long, int, int, float *, float *)",_Z6reduceliiPfS_,"(1,1,1)","(512,1,1)",3.948805301365737,91.03260869565217,5.2521008403361344,76.42362959020755
464,"srad(float, int, int, long, int *, int *, int *, int *, float *, float *, float *, float *, float, float *, float *)",_Z4sradfiilPiS_S_S_PfS0_S0_S0_fS0_S0_,"(450,1,1)","(512,1,1)",1.002742450122471,0.0,0.0025837901617883274,-4.530522857924993
465,"srad2(float, int, int, long, int *, int *, int *, int *, float *, float *, float *, float *, float *, float *)",_Z5srad2fiilPiS_S_S_PfS0_S0_S0_S0_S0_,"(450,1,1)","(512,1,1)",1.0661167770127222,0.0,0.05194940128315022,0.8429239345441467
466,"prepare(long, float *, float *, float *)",_Z7preparelPfS_S_,"(450,1,1)","(512,1,1)",0.9934481685075299,0.0,0.0,2.734683144885617
467,"reduce(long, int, int, float *, float *)",_Z6reduceliiPfS_,"(450,1,1)","(512,1,1)",1.326142719166236,89.33058774256595,0.0,0.22143796277074249
468,"reduce(long, int, int, float *, float *)",_Z6reduceliiPfS_,"(1,1,1)","(512,1,1)",3.7945548213438647,91.03260869565217,5.2521008403361344,-94.0625
469,"srad(float, int, int, long, int *, int *, int *, int *, float *, float *, float *, float *, float, float *, float *)",_Z4sradfiilPiS_S_S_PfS0_S0_S0_fS0_S0_,"(450,1,1)","(512,1,1)",0.9978444815866209,0.0,0.0008612782230107702,-5.135879324793487
470,"srad2(float, int, int, long, int *, int *, int *, int *, float *, float *, float *, float *, float *, float *)",_Z5srad2fiilPiS_S_S_PfS0_S0_S0_S0_S0_,"(450,1,1)","(512,1,1)",0.9387440302025862,0.0,0.08093171008270615,-0.42317266349852906
471,"prepare(long, float *, float *, float *)",_Z7preparelPfS_S_,"(450,1,1)","(512,1,1)",1.0117213720572378,0.0,0.0,4.639175257731959
472,"reduce(long, int, int, float *, float *)",_Z6reduceliiPfS_,"(450,1,1)","(512,1,1)",1.3784500354315685,89.33058774256595,0.0,5.807337649597803
473,"reduce(long, int, int, float *, float *)",_Z6reduceliiPfS_,"(1,1,1)","(512,1,1)",3.922294880964545,91.03260869565217,5.2521008403361344,62.21881390593047
474,"srad(float, int, int, long, int *, int *, int *, int *, float *, float *, float *, float *, float, float *, float *)",_Z4sradfiilPiS_S_S_PfS0_S0_S0_fS0_S0_,"(450,1,1)","(512,1,1)",0.9880717502669741,0.0,0.0,-0.7802874743326489
475,"srad2(float, int, int, long, int *, int *, int *, int *, float *, float *, float *, float *, float *, float *)",_Z5srad2fiilPiS_S_S_PfS0_S0_S0_S0_S0_,"(450,1,1)","(512,1,1)",0.9641268238233184,0.0,0.08698474521259332,-2.5458083346846117
476,"prepare(long, float *, float *, float *)",_Z7preparelPfS_S_,"(450,1,1)","(512,1,1)",1.0060959918428782,0.0,0.0,-4.995836802664446
477,"reduce(long, int, int, float *, float *)",_Z6reduceliiPfS_,"(450,1,1)","(512,1,1)",1.3377902008260931,89.33058774256595,0.0,-3.9582035845270225
478,"reduce(long, int, int, float *, float *)",_Z6reduceliiPfS_,"(1,1,1)","(512,1,1)",3.815230075483233,91.03260869565217,5.2521008403361344,15.527950310559005
479,"srad(float, int, int, long, int *, int *, int *, int *, float *, float *, float *, float *, float, float *, float *)",_Z4sradfiilPiS_S_S_PfS0_S0_S0_fS0_S0_,"(450,1,1)","(512,1,1)",0.9974591046469462,0.0,0.0008612782230107702,2.97769602207404
480,"srad2(float, int, int, long, int *, int *, int *, int *, float *, float *, float *, float *, float *, float *)",_Z5srad2fiilPiS_S_S_PfS0_S0_S0_S0_S0_,"(450,1,1)","(512,1,1)",1.000642599865789,0.0,0.027265409284088254,-0.41928235539391695
481,"prepare(long, float *, float *, float *)",_Z7preparelPfS_S_,"(450,1,1)","(512,1,1)",1.0768866056983093,0.0,0.0,0.0
482,"reduce(long, int, int, float *, float *)",_Z6reduceliiPfS_,"(450,1,1)","(512,1,1)",1.312044195273263,89.33058774256595,0.0,-3.9582035845270225
483,"reduce(long, int, int, float *, float *)",_Z6reduceliiPfS_,"(1,1,1)","(512,1,1)",3.76599304275567,91.03260869565217,5.2521008403361344,-42.31974921630094
484,"srad(float, int, int, long, int *, int *, int *, int *, float *, float *, float *, float *, float, float *, float *)",_Z4sradfiilPiS_S_S_PfS0_S0_S0_fS0_S0_,"(450,1,1)","(512,1,1)",1.0011520794878648,0.0,-0.0025838569232293045,-7.244094488188976
485,"srad2(float, int, int, long, int *, int *, int *, int *, float *, float *, float *, float *, float *, float *)",_Z5srad2fiilPiS_S_S_PfS0_S0_S0_S0_S0_,"(450,1,1)","(512,1,1)",0.9500117555434735,0.0,-0.054574513702101125,0.6146974859563495
486,"prepare(long, float *, float *, float *)",_Z7preparelPfS_S_,"(450,1,1)","(512,1,1)",1.0439122331047288,0.0,0.0,-3.8578961976131003
487,"reduce(long, int, int, float *, float *)",_Z6reduceliiPfS_,"(450,1,1)","(512,1,1)",1.3394537433366505,89.33058774256595,0.0,0.3873020264195311
488,"reduce(long, int, int, float *, float *)",_Z6reduceliiPfS_,"(1,1,1)","(512,1,1)",3.892034827475008,91.03260869565217,5.2521008403361344,90.60493409935789
489,"srad(float, int, int, long, int *, int *, int *, int *, float *, float *, float *, float *, float, float *, float *)",_Z4sradfiilPiS_S_S_PfS0_S0_S0_fS0_S0_,"(450,1,1)","(512,1,1)",0.999744562883234,0.0,0.0,-3.832466465918423
490,"srad2(float, int, int, long, int *, int *, int *, int *, float *, float *, float *, float *, float *, float *)",_Z5srad2fiilPiS_S_S_PfS0_S0_S0_S0_S0_,"(450,1,1)","(512,1,1)",0.981685968840119,0.0,0.0004327786553567178,-1.9249924714494198
491,"prepare(long, float *, float *, float *)",_Z7preparelPfS_S_,"(450,1,1)","(512,1,1)",0.9959120242088377,0.0,0.0,-1.942825423258396
492,"reduce(long, int, int, float *, float *)",_Z6reduceliiPfS_,"(450,1,1)","(512,1,1)",1.3181146080760096,89.33058774256595,0.0,2.228631358154169
493,"reduce(long, int, int, float *, float *)",_Z6reduceliiPfS_,"(1,1,1)","(512,1,1)",3.962506928042647,91.03260869565217,5.2521008403361344,81.78137651821862
494,"srad(float, int, int, long, int *, int *, int *, int *, float *, float *, float *, float *, float, float *, float *)",_Z4sradfiilPiS_S_S_PfS0_S0_S0_fS0_S0_,"(450,1,1)","(512,1,1)",1.0011734685890512,0.0,0.0008612782230107702,-2.55954010402409
495,"srad2(float, int, int, long, int *, int *, int *, int *, float *, float *, float *, float *, float *, float *)",_Z5srad2fiilPiS_S_S_PfS0_S0_S0_S0_S0_,"(450,1,1)","(512,1,1)",0.9913936634904539,0.0,0.09260661661293464,2.0666969147005445
496,"prepare(long, float *, float *, float *)",_Z7preparelPfS_S_,"(450,1,1)","(512,1,1)",1.0570994177723076,0.0,0.0,4.631798074421025
497,"reduce(long, int, int, float *, float *)",_Z6reduceliiPfS_,"(450,1,1)","(512,1,1)",1.3441845417679235,89.33058774256595,0.0,0.3215645097781861
498,"reduce(long, int, int, float *, float *)",_Z6reduceliiPfS_,"(1,1,1)","(512,1,1)",3.7283431956583684,91.03260869565217,5.2521008403361344,-22.78481012658228
499,"srad(float, int, int, long, int *, int *, int *, int *, float *, float *, float *, float *, float, float *, float *)",_Z4sradfiilPiS_S_S_PfS0_S0_S0_fS0_S0_,"(450,1,1)","(512,1,1)",0.9986685530920724,0.0,-0.0008612782230107702,-1.2446997674736697
500,"srad2(float, int, int, long, int *, int *, int *, int *, float *, float *, float *, float *, float *, float *)",_Z5srad2fiilPiS_S_S_PfS0_S0_S0_S0_S0_,"(450,1,1)","(512,1,1)",0.9984480386432899,0.0,0.08398195686617432,-0.4447636035117793
501,"compress(long, float *)",_Z8compresslPf,"(450,1,1)","(512,1,1)",1.017221024970971,0.0,0.0,-5.950069348127601
